Covariants	Count	Max_count	Freq	Coverage_start	Coverage_end
C23123T(S:P521S)	3384	22698	0.14908802537668517	23122	23193
T22882G(S:N440K) G22895C(S:V445P) T22896C(S:V445P) G22898A(S:G446S) T22942G(S:N460K)	1846	25125	0.0734726368159204	22881	22942
G22813T(S:K417N) T22882G(S:N440K)	1648	18851	0.08742241790886425	22811	22882
A22786C(S:R408S) G22813T(S:K417N)	1594	13023	0.12239883283421639	22785	22858
A22786C(S:R408S) G22813T(S:K417N) T22882G(S:N440K) G22895C(S:V445P) T22896C(S:V445P) G22898A(S:G446S)	1533	10179	0.1506041850869437	22784	22906
T22942G(S:N460K) G22992A(S:S477N) C22995G(S:T478R) A23013C(S:E484A) T23018C(S:F486P) T23019C(S:F486P) T23031C(S:F490S)	1493	18659	0.08001500616324562	22941	23031
G22813T(S:K417N) T22882G(S:N440K) G22895C(S:V445P) T22896C(S:V445P) G22898A(S:G446S)	976	15882	0.06145321747890694	22812	22898
T23031C(S:F490S) A23055G(S:Q498R) A23063T(S:N501Y) T23075C(S:Y505H)	966	8665	0.11148297749567225	23030	23107
T22882G(S:N440K) G22895C(S:V445P) T22896C(S:V445P) G22898A(S:G446S) T22928C(S:F456L) T22942G(S:N460K)	966	25125	0.03844776119402985	22881	22942
T22882G(S:N440K) G22895C(S:V445P) T22896C(S:V445P) G22898A(S:G446S)	817	29447	0.02774476177539308	22881	22905
A23055G(S:Q498R) A23063T(S:N501Y) T23075C(S:Y505H)	725	8793	0.08245195041510292	23050	23111
T22942G(S:N460K) G22992A(S:S477N) C22995A(S:T478K) A23013C(S:E484A) T23018C(S:F486P) T23019C(S:F486P) T23031C(S:F490S)	683	18659	0.03660431963127713	22941	23031
T22882G(S:N440K) G22895C(S:V445P) T22896C(S:V445P) G22898A(S:G446S) T22942G(S:N460K) G22992A(S:S477N) C22995G(S:T478R) A23013C(S:E484A) T23018C(S:F486P) T23019C(S:F486P) T23031C(S:F490S)	667	10893	0.06123198384283485	22881	23031
T22882G(S:N440K) G22895C(S:V445P) T22896C(S:V445P) G22898A(S:G446S) T22930A(S:F456L) T22942G(S:N460K)	591	25125	0.023522388059701492	22881	22942
T22942G(S:N460K) G22992A(S:S477N) C22995G(S:T478R) A23013C(S:E484A)	580	24854	0.023336283897964112	22934	23013
A22786C(S:R408S) G22813T(S:K417N) T22882G(S:N440K) G22895C(S:V445P) T22896C(S:V445P) G22898A(S:G446S) T22942G(S:N460K)	558	8172	0.06828193832599119	22784	22942
A22786C(S:R408S) G22813T(S:K417N) T22882G(S:N440K) G22895C(S:V445P) T22896C(S:V445P) G22898A(S:G446S) T22928C(S:F456L) T22942G(S:N460K)	555	8172	0.06791483113069016	22785	22942
A22786C(S:R408S) G22813T(S:K417N) T22882G(S:N440K)	555	10989	0.050505050505050504	22784	22882
T22942G(S:N460K) G22992A(S:S477N) C22995G(S:T478R)	554	31777	0.017433993139692232	22926	22997
T22882G(S:N440K) G22895C(S:V445P) T22896C(S:V445P) G22898A(S:G446S) T22942G(S:N460K) G22992A(S:S477N) C22995G(S:T478R)	508	17770	0.028587507034327518	22881	22997
T22942G(S:N460K) G22992A(S:S477N) C22995G(S:T478R) A23013C(S:E484A) T23018C(S:F486P) T23019C(S:F486P) T23031C(S:F490S) A23055G(S:Q498R) A23063T(S:N501Y) T23075C(S:Y505H)	493	5956	0.08277367360644727	22941	23103
T22882G(S:N440K) G22895C(S:V445P) T22896C(S:V445P) G22898A(S:G446S) T22928C(S:F456L) T22942G(S:N460K) G22992A(S:S477N) C22995A(S:T478K) A23013C(S:E484A) T23018C(S:F486P) T23019C(S:F486P) T23031C(S:F490S)	483	10893	0.0443404020930873	22881	23031
G22895C(S:V445P) T22896C(S:V445P) G22898A(S:G446S) T22942G(S:N460K)	478	28028	0.01705437419723134	22887	22942
G22992A(S:S477N) C22995G(S:T478R) A23013C(S:E484A) T23018C(S:F486P) T23019C(S:F486P) T23031C(S:F490S)	476	20388	0.023347066902099273	22956	23031
G22895C(S:V445P) T22896C(S:V445P) G22898A(S:G446S) T22928C(S:F456L) T22942G(S:N460K)	472	28028	0.01684030255458827	22887	22942
A22786C(S:R408S) G22813T(S:K417N) T22942G(S:N460K) G22992A(S:S477N) C22995G(S:T478R) A23013C(S:E484A) T23018C(S:F486P) T23019C(S:F486P) T23031C(S:F490S)	460	3193	0.14406514249921704	22779	23031
T22928C(S:F456L) T22942G(S:N460K) G22992A(S:S477N) C22995A(S:T478K) A23013C(S:E484A)	435	21833	0.019923968304859617	22919	23013
G22813T(S:K417N) T22882G(S:N440K) G22895C	403	16512	0.024406492248062017	22812	22895
A22786C(S:R408S) G22813T(S:K417N) G22992A(S:S477N) C22995G(S:T478R) A23013C(S:E484A) T23018C(S:F486P) T23019C(S:F486P) T23031C(S:F490S) A23055G(S:Q498R) A23063T(S:N501Y)	403	1429	0.2820153953813856	22784	23063
T23019C T23031C(S:F490S) A23055G(S:Q498R) A23063T(S:N501Y) T23075C(S:Y505H)	393	7250	0.054206896551724136	23018	23115
T22942G(S:N460K) G22992A(S:S477N) C22995G(S:T478R) A23013C(S:E484A) T23018C(S:F486L)	376	22194	0.016941515724970713	22941	23018
T22928C(S:F456L) T22942G(S:N460K) G22992A(S:S477N) C22995A(S:T478K)	375	28756	0.013040756711642787	22927	22995
A22786C(S:R408S) G22813T(S:K417N) T22882G(S:N440K) G22895C(S:V445P) T22896C(S:V445P) G22898A(S:G446S) T22930A(S:F456L) T22942G(S:N460K)	370	8172	0.045276554087126775	22784	22942
T22882G(S:N440K) G22895C(S:V445P) T22896C(S:V445P) G22898A(S:G446S) T22942G(S:N460K) G22992A(S:S477N) C22995G(S:T478R) A23013C(S:E484A) T23018C(S:F486P) T23019C(S:F486P) T23031C(S:F490S) A23055G(S:Q498R) A23063T(S:N501Y)	350	5530	0.06329113924050633	22881	23063
T22912C(S:N450N) T22942G(S:N460K) G22992A(S:S477N) C22995G(S:T478R)	349	24058	0.014506609028181894	22911	22997
T22882G(S:N440K) G22895C(S:V445P) T22896C(S:V445P) G22898A(S:G446S) T22928C(S:F456L) T22942G(S:N460K) G22992A(S:S477N) C22995A(S:T478K)	339	17770	0.01907709622960045	22881	22997
T22942G(S:N460K) G22992A(S:S477N)	327	33119	0.009873486518312751	22917	22992
G22895C(S:V445P) T22896C(S:V445P) G22898A(S:G446S) T22930A(S:F456L) T22942G(S:N460K)	325	28028	0.011595547309833023	22887	22944
A22786C(S:R408S) G22813T(S:K417N) T22942G(S:N460K) G22992A(S:S477N) C22995A(S:T478K) A23013C(S:E484A) T23018C(S:F486P) T23019C(S:F486P) T23031C(S:F490S)	320	3193	0.10021922956467272	22778	23031
A22786C(S:R408S) G22813T(S:K417N) G22992A(S:S477N) C22995G(S:T478R) A23013C(S:E484A) T23018C(S:F486P) T23019C(S:F486P) T23031C(S:F490S)	319	3193	0.09990604447228311	22784	23031
G22813T(S:K417N) T22882G(S:N440K) G22895C(S:V445P) T22896C(S:V445P) G22898A(S:G446S) T22928C(S:F456L) T22942G(S:N460K)	317	12673	0.02501380888503117	22812	22942
T22928C(S:F456L) T22942G(S:N460K) G22992A(S:S477N)	314	30098	0.010432586882849358	22914	22992
T22882G(S:N440K) G22895C(S:V445P) T22896C(S:V445P) G22898A(S:G446S) T22928C(S:F456L) T22942G(S:N460K) G22992A(S:S477N) C22995A(S:T478K) A23013C(S:E484A) T23018C(S:F486P) T23019C(S:F486P) T23031C(S:F490S) A23055G(S:Q498R) A23063T(S:N501Y)	311	5530	0.05623869801084991	22881	23063
T22942G(S:N460K) G22992A(S:S477N) C22995G(S:T478R) A23013C(S:E484A) T23018C(S:F486P) T23019C(S:F486P)	305	21332	0.014297768610538159	22941	23019
A22786C(S:R408S) G22813T(S:K417N) G22898A(S:G446S) T22942G(S:N460K) G22992A(S:S477N) C22995G(S:T478R)	301	5945	0.05063078216989066	22779	22997
T22928C(S:F456L) T22942G(S:N460K) G22992A(S:S477N) C22995A(S:T478K) A23013C(S:E484A) T23018C(S:F486P) T23019C(S:F486P) T23031C(S:F490S)	295	15683	0.018810176624370338	22927	23031
G22813T(S:K417N) T22882G(S:N440K) G22895C(S:V445P) T22896C(S:V445P) G22898A(S:G446S) T22942G(S:N460K)	282	12673	0.022252031878797443	22811	22943
T22942G(S:N460K) G22992A(S:S477N) C22995A(S:T478K) A23013C(S:E484A) T23018C(S:F486P) T23019C(S:F486P) T23031C(S:F490S) A23055G(S:Q498R) A23063T(S:N501Y) T23075C(S:Y505H)	280	5956	0.04701141705842848	22941	23103
G22992A(S:S477N) C22995A(S:T478K) A23013C(S:E484A) T23018C(S:F486P) T23019C(S:F486P) T23031C(S:F490S)	275	20388	0.01348832646654895	22966	23034
G22992A(S:S477N) C22995G(S:T478R) A23013C(S:E484A) T23018C(S:F486P) T23019C(S:F486P) T23031C(S:F490S) A23055G(S:Q498R) A23063T(S:N501Y) T23075C(S:Y505H)	274	6440	0.04254658385093168	22967	23103
A22786C(S:R408S) G22813T(S:K417N) T23031C(S:F490S) A23055G(S:Q498R) A23063T(S:N501Y) T23075C(S:Y505H)	261	623	0.4189406099518459	22782	23110
A22786C(S:R408S) G22813T(S:K417N) G22992A(S:S477N) C22995A(S:T478K) A23013C(S:E484A) T23018C(S:F486P) T23019C(S:F486P) T23031C(S:F490S) A23055G(S:Q498R) A23063T(S:N501Y)	258	1429	0.18054583624912526	22779	23063
T22930A(S:F456L) T22942G(S:N460K) G22992A(S:S477N)	257	30179	0.008515855396136387	22918	22992
G22577C(S:G339H) G22578A(S:G339H) G22599C(S:R346T) C22664A(S:L368I) C22674T(S:S371F) T22679C(S:S373P) C22686T(S:S375F) A22688G(S:T376A)	239	487	0.49075975359342916	22571	22696
A22786C(S:R408S) G22813T(S:K417N) T22942G(S:N460K) G22992A(S:S477N) C22995G(S:T478R)	234	5945	0.03936080740117746	22782	22997
T22882G(S:N440K) G22895C(S:V445P) T22896C(S:V445P) G22898A(S:G446S) T22942G(S:N460K) T23031C(S:F490S) A23055G(S:Q498R) A23063T(S:N501Y) T23075C(S:Y505H)	232	2817	0.08235711750088746	22881	23110
T22882G(S:N440K) G22895C(S:V445P) T22896C(S:V445P) G22898A(S:G446S) T22912C(S:N450N) T22942G(S:N460K)	230	25125	0.009154228855721393	22881	22942
G22813T(S:K417N) T22882G(S:N440K) T22942G(S:N460K) G22992A(S:S477N) C22995G(S:T478R) A23013C(S:E484A) T23018C(S:F486P) T23019C(S:F486P) T23031C(S:F490S)	230	5107	0.0450362247895046	22805	23031
T22882G(S:N440K) G22895C(S:V445P) T22896C(S:V445P) G22898A(S:G446S) T22942G(S:N460K) G22992A(S:S477N) C22995G(S:T478R) A23013C(S:E484A) T23018C(S:F486P) T23019C(S:F486P)	224	12452	0.017989078059749437	22881	23023
A22786C(S:R408S) G22813T(S:K417N) T22882G(S:N440K) G22895C	209	10394	0.02010775447373485	22784	22895
G22813T(S:K417N) T22882G(S:N440K) G22895C(S:V445P) T22896C(S:V445P) G22898A(S:G446S) T22930A(S:F456L) T22942G(S:N460K)	206	12673	0.016255030379547068	22812	22942
G22813T(S:K417N) T22882G(S:N440K) G22992A(S:S477N) C22995G(S:T478R) A23013C(S:E484A) T23018C(S:F486P) T23019C(S:F486P) T23031C(S:F490S) A23055G(S:Q498R) A23063T(S:N501Y)	199	2340	0.08504273504273505	22805	23064
A22786C(S:R408S) G22813T(S:K417N) T22942G(S:N460K) G22992A(S:S477N) C22995G(S:T478R) A23013C(S:E484A) T23018C(S:F486P) T23019C(S:F486P)	196	3709	0.05284443246157994	22778	23023
T22882G(S:N440K) G22895C(S:V445P) T22896C(S:V445P) G22898A(S:G446S) T22930A(S:F456L) T22942G(S:N460K) G22992A(S:S477N) C22995A(S:T478K) A23013C(S:E484A) T23018C(S:F486P) T23019C(S:F486P) T23031C(S:F490S)	196	10893	0.017993206646470212	22881	23031
T22882G(S:N440K) G22895C(S:V445P) T22896C(S:V445P) G22898A(S:G446S) T22928C(S:F456L) T22942G(S:N460K) T23031C(S:F490S) A23055G(S:Q498R) A23063T(S:N501Y) T23075C(S:Y505H)	194	2817	0.06886758963436279	22881	23110
T22882G(S:N440K) G22895C(S:V445P) T22896C(S:V445P) G22898A(S:G446S) T22930A(S:F456L) T22942G(S:N460K) G22992A(S:S477N) C22995G(S:T478R) A23013C(S:E484A) T23018C(S:F486P) T23019C(S:F486P) T23031C(S:F490S)	193	10893	0.017717800422289542	22881	23031
G22992A(S:S477N) C22995A(S:T478K) A23013C(S:E484A) T23018C(S:F486P) T23019C(S:F486P) T23031C(S:F490S) A23055G(S:Q498R) A23063T(S:N501Y) T23075C(S:Y505H)	190	6440	0.029503105590062112	22964	23104
T22928C(S:F456L) T22942G(S:N460K) G22992A(S:S477N) C22995A(S:T478K) A23013C(S:E484A) T23018C	188	19176	0.00980392156862745	22919	23018
A22786C(S:R408S) G22813T(S:K417N) G22992A(S:S477N) C22995A(S:T478K) A23013C(S:E484A) T23018C(S:F486P) T23019C(S:F486P) T23031C(S:F490S)	188	3193	0.05887879736924522	22778	23039
T22930A(S:F456L) T22942G(S:N460K) G22992A(S:S477N) C22995A(S:T478K) A23013C(S:E484A)	187	21914	0.008533357670895319	22917	23013
T22930A(S:F456L) T22942G(S:N460K) G22992A(S:S477N) C22995A(S:T478K)	181	28837	0.006276658459617852	22924	22997
T22882G(S:N440K) G22895C(S:V445P) T22896C(S:V445P) G22898A(S:G446S) T22928C(S:F456L) T22942G(S:N460K) G22992A(S:S477N) C22995A(S:T478K) A23013C(S:E484A) T23018C(S:F486P) T23019C(S:F486P)	179	12452	0.014375200770960488	22881	23023
T22928C(S:F456L) T22942G(S:N460K) G22992A(S:S477N) C22995A(S:T478K) A23013C(S:E484A) T23018C(S:F486P) T23019C(S:F486P)	177	18314	0.009664737359397182	22927	23023
T22882G(S:N440K) G22895C(S:V445P) T22896C(S:V445P) G22898A(S:G446S) T22928C(S:F456L) T22942G(S:N460K) G22992A(S:S477N) C22995G(S:T478R)	176	17770	0.009904333145751266	22881	22997
T22930A(S:F456L) T22942G(S:N460K) G22992A(S:S477N) C22995G(S:T478R)	173	28837	0.005999237091236952	22924	22998
A22786C(S:R408S) G22813T(S:K417N) T22928C(S:F456L) T22942G(S:N460K) G22992A(S:S477N) C22995A(S:T478K)	171	5945	0.028763666947014297	22779	22997
T22930A(S:F456L) T22942G(S:N460K) G22992A(S:S477N) C22995G(S:T478R) A23013C(S:E484A)	169	21914	0.007711964953910742	22918	23013
A22786C(S:R408S) G22813T(S:K417N) G22898A(S:G446S) T22928C(S:F456L) T22942G(S:N460K) G22992A(S:S477N) C22995A(S:T478K)	168	5945	0.028259041211101767	22778	22997
G22577C(S:G339H) G22578A(S:G339H) G22599C(S:R346T)	167	752	0.2220744680851064	22561	22599
G22813T(S:K417N) T22882G(S:N440K) T22942G(S:N460K) G22992A(S:S477N) C22995A(S:T478K) A23013C(S:E484A) T23018C(S:F486P) T23019C(S:F486P) T23031C(S:F490S)	165	5107	0.0323085960446446	22803	23031
T22942G(S:N460K) G22992A(S:S477N) C22995G(S:T478R) A23013C(S:E484A) T23018C(S:F486P) T23019C(S:F486P) T23031C(S:F490S) A23055G(S:Q498R) A23063T(S:N501Y)	165	9475	0.017414248021108178	22941	23063
C22664A(S:L368I) C22674T(S:S371F) T22679C(S:S373P) C22686T(S:S375F) A22688G(S:T376A)	157	919	0.1708378672470076	22660	22704
A22786C(S:R408S) G22813T(S:K417N) T22882G(S:N440K) G22895C(S:V445P) T22896C(S:V445P) G22898A(S:G446S) T22912C(S:N450N)	156	10109	0.015431793451379959	22784	22912
T22930A(S:F456L) T22942G(S:N460K) G22992A(S:S477N) C22995G(S:T478R) A23013C(S:E484A) T23018C(S:F486P) T23019C(S:F486P)	155	18395	0.008426202772492526	22929	23023
T22930A(S:F456L) T22942G(S:N460K) G22992A(S:S477N) C22995A(S:T478K) A23013C(S:E484A) T23018C(S:F486P) T23019C(S:F486P) T23031C(S:F490S)	154	15744	0.00978150406504065	22927	23031
T22882G(S:N440K) G22895C(S:V445P) T22896C(S:V445P) G22898A(S:G446S) T22928C(S:F456L) T22942G(S:N460K) G22992A(S:S477N) C22995G(S:T478R) A23013C(S:E484A) T23018C(S:F486P) T23019C(S:F486P) T23031C(S:F490S)	151	10893	0.013862113283760214	22881	23031
T22882G(S:N440K) G22895C(S:V445P) T22896C(S:V445P) G22898A(S:G446S) T22912C(S:N450N) T22942G(S:N460K) G22992A(S:S477N) C22995G(S:T478R) A23013C(S:E484A) T23018C(S:F486P) T23019C(S:F486P) T23031C(S:F490S)	147	10893	0.013494904984852658	22881	23031
T22928C(S:F456L) T22942G(S:N460K) G22992A(S:S477N) C22995G(S:T478R)	145	28756	0.0050424259285018775	22925	22997
T22882G(S:N440K) G22895C(S:V445P) T22896C(S:V445P) G22898A(S:G446S) T22942G(S:N460K) G22992A(S:S477N) C22995G(S:T478R) A23013C(S:E484A)	142	13430	0.010573343261355174	22881	23013
G22992A(S:S477N) C22995G(S:T478R) A23013C(S:E484A) T23018C(S:F486P) T23019C(S:F486P) T23031C(S:F490S) A23055G(S:Q498R)	138	11357	0.012151096240204278	22960	23055
A22786C(S:R408S) G22813T(S:K417N) T22942G(S:N460K) G22992A(S:S477N) C22995G(S:T478R) A23013C(S:E484A)	136	4106	0.033122260107160253	22779	23013
A22786C(S:R408S) G22813T(S:K417N) T22882G(S:N440K) G22895C(S:V445P) T22896C(S:V445P) G22898A(S:G446S) T22912C(S:N450N) T22942G(S:N460K)	135	8172	0.016519823788546256	22784	22943
T22930A(S:F456L) T22942G(S:N460K) G22992A(S:S477N) C22995A(S:T478K) A23013C(S:E484A) T23018C(S:F486P) T23019C(S:F486P)	134	18395	0.007284588203316118	22929	23023
T22882G(S:N440K) G22895C(S:V445P) T22896C(S:V445P) G22898A(S:G446S) T22930A(S:F456L) T22942G(S:N460K) T23031C(S:F490S) A23055G(S:Q498R) A23063T(S:N501Y) T23075C(S:Y505H)	133	2817	0.047213347532836354	22881	23109
G22992A(S:S477N) C22995G(S:T478R) A23013C(S:E484A) T23018C(S:F486P) T23019C(S:F486P) T23031C(S:F490S) A23055G(S:Q498R) A23063T(S:N501Y)	132	10197	0.012944983818770227	22976	23065
T22882G(S:N440K) G22895C(S:V445P) T22896C(S:V445P) G22898A(S:G446S) T22930A(S:F456L) T22942G(S:N460K) G22992A(S:S477N) C22995G(S:T478R)	130	17770	0.007315700619020821	22881	22997
T22928C(S:F456L) T22942G(S:N460K) G22992A(S:S477N) C22995G(S:T478R) A23013C(S:E484A)	130	21833	0.005954289378463793	22919	23013
G22895C(S:V445P) T22896C(S:V445P) G22898A(S:G446S) T22942G(S:N460K) G22992A(S:S477N) C22995G(S:T478R) A23013C(S:E484A) T23018C(S:F486P) T23019C(S:F486P) T23031C(S:F490S)	127	12103	0.010493266132363876	22887	23031
T22930A(S:F456L) T22942G(S:N460K) G22992A(S:S477N) C22995G(S:T478R) A23013C(S:E484A) T23018C(S:F486P) T23019C(S:F486P) T23031C(S:F490S)	126	15744	0.008003048780487805	22926	23031
A22786C(S:R408S) G22813T(S:K417N) A23055G(S:Q498R) A23063T(S:N501Y) T23075C(S:Y505H)	126	623	0.20224719101123595	22778	23115
G22775A(S:D405N) A22786C(S:R408S) G22813T(S:K417N)	125	349	0.35816618911174786	22754	22813
T22882G(S:N440K) G22895C(S:V445P) T22896C(S:V445P) G22898A(S:G446S) T22930A(S:F456L) T22942G(S:N460K) G22992A(S:S477N) C22995A(S:T478K) A23013C(S:E484A) T23018C(S:F486P) T23019C(S:F486P) T23031C(S:F490S) A23055G(S:Q498R) A23063T(S:N501Y)	125	5530	0.022603978300180832	22881	23064
T22882G(S:N440K) G22895C(S:V445P) T22896C(S:V445P) G22898A(S:G446S) T22942G(S:N460K) A23055G(S:Q498R) A23063T(S:N501Y) T23075C(S:Y505H)	123	2817	0.043663471778487756	22881	23111
G22813T(S:K417N) T22882G(S:N440K) G22898A(S:G446S) T22942G(S:N460K) G22992A(S:S477N) C22995G(S:T478R)	122	9401	0.012977342835868525	22803	22997
G22895C(S:V445P) T22896C(S:V445P) G22898A(S:G446S) T22912C(S:N450N) T22942G(S:N460K)	122	28028	0.004352790067075781	22887	22943
G22813T(S:K417N) T22882G(S:N440K) T23031C(S:F490S) A23055G(S:Q498R) A23063T(S:N501Y) T23075C(S:Y505H)	121	1048	0.11545801526717557	22803	23109
G22813T(S:K417N) T22882G(S:N440K) G22992A(S:S477N) C22995G(S:T478R) A23013C(S:E484A) T23018C(S:F486P) T23019C(S:F486P) T23031C(S:F490S)	119	5107	0.023301351086743687	22803	23039
G22895C(S:V445P) T22896C(S:V445P) G22898A(S:G446S) T22942G(S:N460K) G22992A(S:S477N) C22995G(S:T478R) A23013C(S:E484A) T23018C(S:F486P) T23019C(S:F486P) T23031C(S:F490S) A23055G(S:Q498R) A23063T(S:N501Y)	119	6303	0.018879898461050294	22887	23065
T22882G(S:N440K) G22895C(S:V445P) T22896C(S:V445P) G22898A(S:G446S) T22942G(S:N460K) T23019C T23031C(S:F490S) A23055G(S:Q498R) A23063T(S:N501Y) T23075C(S:Y505H)	118	2817	0.04188853390131345	22881	23115
T22882G(S:N440K) G22895C(S:V445P) T22896C(S:V445P) G22898A(S:G446S) T22928C(S:F456L) T22942G(S:N460K) A23055G(S:Q498R) A23063T(S:N501Y) T23075C(S:Y505H)	116	2817	0.04117855875044373	22881	23115
T22882G(S:N440K) G22895C(S:V445P) T22896C(S:V445P) G22898A(S:G446S) T22930A(S:F456L) T22942G(S:N460K) G22992A(S:S477N) C22995G(S:T478R) A23013C(S:E484A) T23018C(S:F486P) T23019C(S:F486P) T23031C(S:F490S) A23055G(S:Q498R) A23063T(S:N501Y)	115	5530	0.020795660036166366	22881	23065
T22882G(S:N440K) G22895C(S:V445P) T22896C(S:V445P) G22898A(S:G446S) T22930A(S:F456L) T22942G(S:N460K) G22992A(S:S477N) C22995A(S:T478K)	112	17770	0.006302757456387169	22881	22997
G22813T(S:K417N) T22882G(S:N440K) G22992A(S:S477N) C22995A(S:T478K) A23013C(S:E484A) T23018C(S:F486P) T23019C(S:F486P) T23031C(S:F490S) A23055G(S:Q498R) A23063T(S:N501Y)	112	2340	0.04786324786324787	22805	23064
A22786C(S:R408S) G22813T(S:K417N) T23019C T23031C(S:F490S) A23055G(S:Q498R) A23063T(S:N501Y) T23075C(S:Y505H)	111	623	0.1781701444622793	22778	23115
T22882G(S:N440K) G22895C(S:V445P) T22896C(S:V445P) G22898A(S:G446S) T22912C(S:N450N) T22942G(S:N460K) G22992A(S:S477N) C22995G(S:T478R) A23013C(S:E484A) T23018C(S:F486P) T23019C(S:F486P) T23031C(S:F490S) A23055G(S:Q498R) A23063T(S:N501Y)	108	5530	0.01952983725135624	22881	23064
T22882G(S:N440K) G22895C(S:V445P) T22896C(S:V445P) G22898A(S:G446S) T22928C(S:F456L) T22942G(S:N460K) T23019C T23031C(S:F490S) A23055G(S:Q498R) A23063T(S:N501Y) T23075C(S:Y505H)	108	2817	0.038338658146964855	22881	23115
T22882G(S:N440K) G22895C(S:V445P) T22896C(S:V445P) G22898A(S:G446S) T22928C(S:F456L)	107	25893	0.004132390993704862	22881	22928
A22786C(S:R408S) G22813T(S:K417N) T22882G(S:N440K) G22895C(S:V445P) T22896C(S:V445P) G22898A(S:G446S) T22928C(S:F456L)	106	8525	0.012434017595307918	22784	22928
T22882G(S:N440K) G22895C(S:V445P) T22896C(S:V445P) G22898A(S:G446S) T22928C(S:F456L) T22942G(S:N460K) G22992A(S:S477N) C22995G(S:T478R) A23013C(S:E484A) T23018C(S:F486P) T23019C(S:F486P) T23031C(S:F490S) A23055G(S:Q498R) A23063T(S:N501Y)	104	5530	0.018806509945750453	22881	23067
A22786C(S:R408S) G22813T(S:K417N) G22992A(S:S477N) C22995G(S:T478R) A23013C(S:E484A) T23018C(S:F486P) T23019C(S:F486P) T23031C(S:F490S) A23055G(S:Q498R)	102	1631	0.06253832004904966	22779	23055
G22895C(S:V445P) T22896C(S:V445P) G22898A(S:G446S) T22928C(S:F456L) T22942G(S:N460K) G22992A(S:S477N) C22995A(S:T478K) A23013C(S:E484A) T23018C(S:F486P) T23019C(S:F486P) T23031C(S:F490S)	102	12103	0.008427662563000909	22887	23031
G22813T(S:K417N) T22882G(S:N440K) T22942G(S:N460K) G22992A(S:S477N) C22995G(S:T478R)	102	9401	0.0108499095840868	22805	22997
A22786C(S:R408S) G22813T(S:K417N) G22898A(S:G446S) T22928C(S:F456L) T22942G(S:N460K) G22992A(S:S477N) C22995G(S:T478R)	101	5945	0.01698906644238856	22779	22997
A23013C(S:E484A) T23018C(S:F486P) T23019C(S:F486P) T23031C(S:F490S) A23055G(S:Q498R) A23063T(S:N501Y) T23075C(S:Y505H)	99	6545	0.015126050420168067	23008	23104
G22813T(S:K417N) T22882G(S:N440K) G22895C(S:V445P) T22896C(S:V445P) G22898A(S:G446S) T22942G(S:N460K) G22992A(S:S477N) C22995G(S:T478R)	98	9401	0.010424422933730455	22811	22997
A22786C(S:R408S) G22813T(S:K417N) G22898A(S:G446S) T22930A(S:F456L) T22942G(S:N460K) G22992A(S:S477N) C22995G(S:T478R)	98	5945	0.01648444070647603	22779	22997
T22912C(S:N450N) T22942G(S:N460K) G22992A(S:S477N)	97	25400	0.0038188976377952757	22911	22992
C22664A(S:L368I) C22674T(S:S371F) T22679C(S:S373P) C22686T(S:S375F) A22688G(S:T376A) G22775A(S:D405N) A22786C(S:R408S) G22813T(S:K417N)	95	196	0.4846938775510204	22663	22813
A22786C(S:R408S) G22813T(S:K417N) T22882G(S:N440K) G22895C(S:V445P) T22896C(S:V445P) G22898A(S:G446S) T22930A(S:F456L)	93	8508	0.010930888575458392	22784	22930
A22786C(S:R408S) G22813T(S:K417N) T22928C(S:F456L) T22942G(S:N460K) G22992A(S:S477N) C22995A(S:T478K) A23013C(S:E484A) T23018C(S:F486P) T23019C(S:F486P)	93	3709	0.025074143974117013	22778	23023
T22882G(S:N440K) G22895C(S:V445P) T22896C(S:V445P) G22898A(S:G446S) T22912C(S:N450N)	93	28989	0.003208113422332609	22881	22915
A22786C(S:R408S) G22813T(S:K417N) T22912C(S:N450N) T22942G(S:N460K) G22992A(S:S477N) C22995G(S:T478R)	93	5945	0.015643397813288478	22779	22998
T22882G(S:N440K) G22895C(S:V445P) T22896C(S:V445P) G22898A(S:G446S) T22942G(S:N460K) G22992A(S:S477N) C22995G(S:T478R) A23013C(S:E484A) T23018C(S:F486P) T23019C(S:F486P) T23031C(S:F490S) A23055G(S:Q498R)	91	6220	0.014630225080385853	22881	23055
G22898A(S:G446S) T22942G(S:N460K) G22992A(S:S477N) C22995G(S:T478R)	90	20792	0.004328587918430165	22897	22997
A22786C(S:R408S) G22813T(S:K417N) G22895C(S:V445P) T22896C(S:V445P) G22898A(S:G446S) T22928C(S:F456L) T22942G(S:N460K)	90	8172	0.011013215859030838	22778	22944
T22942G(S:N460K) G22992A(S:S477N) C22995G(S:T478R) A23013C(S:E484A) T23031C(S:F490S) A23055G(S:Q498R) A23063T(S:N501Y) T23075C(S:Y505H)	89	5956	0.014942914707857623	22935	23110
T22928C(S:F456L) T22942G(S:N460K) G22992A(S:S477N) C22995A(S:T478K) A23013C(S:E484A) T23018C(S:F486P) T23019C(S:F486P) T23031C(S:F490S) A23055G(S:Q498R) A23063T(S:N501Y)	88	8569	0.010269576379974325	22927	23064
T22930A(S:F456L) T22942G(S:N460K) G22992A(S:S477N) C22995A(S:T478K) A23013C(S:E484A) T23018C	87	19257	0.004517837669418913	22924	23018
T22882G(S:N440K) G22895C(S:V445P) T22896C(S:V445P) G22898A(S:G446S) T22930A(S:F456L) T22942G(S:N460K) G22992A(S:S477N) C22995A(S:T478K) A23013C(S:E484A) T23018C(S:F486P) T23019C(S:F486P)	87	12452	0.0069868294249919695	22881	23023
G22992A(S:S477N) C22995A(S:T478K) A23013C(S:E484A) T23018C(S:F486P) T23019C(S:F486P) T23031C(S:F490S) A23055G(S:Q498R) A23063T(S:N501Y)	85	10197	0.00833578503481416	22968	23065
T22882G(S:N440K) G22895C(S:V445P) T22896C(S:V445P) G22898A(S:G446S) T22930A(S:F456L) T22942G(S:N460K) T23019C T23031C(S:F490S) A23055G(S:Q498R) A23063T(S:N501Y) T23075C(S:Y505H)	84	2817	0.029818956336528223	22881	23115
G22813T(S:K417N) T22882G(S:N440K) A23055G(S:Q498R) A23063T(S:N501Y) T23075C(S:Y505H)	84	1048	0.08015267175572519	22806	23111
G22813T(S:K417N) T22882G(S:N440K) G22992A(S:S477N) C22995A(S:T478K) A23013C(S:E484A) T23018C(S:F486P) T23019C(S:F486P) T23031C(S:F490S)	83	5107	0.016252202858821226	22798	23041
G22895C(S:V445P) T22896C(S:V445P) G22898A(S:G446S) T22942G(S:N460K) T23031C(S:F490S) A23055G(S:Q498R) A23063T(S:N501Y) T23075C(S:Y505H)	82	3225	0.025426356589147287	22887	23111
T22882G(S:N440K) G22895C(S:V445P) T22896C(S:V445P) G22898A(S:G446S) T22928C(S:F456L) T22942G(S:N460K) G22992A(S:S477N) C22995A(S:T478K) A23013C(S:E484A)	82	13430	0.006105733432613552	22881	23013
A22786C(S:R408S) G22813T(S:K417N) T22930A(S:F456L) T22942G(S:N460K) G22992A(S:S477N) C22995G(S:T478R)	81	5945	0.013624894869638351	22782	22997
G22895C(S:V445P) T22896C(S:V445P) G22898A(S:G446S) T22928C(S:F456L) T22942G(S:N460K) G22992A(S:S477N) C22995A(S:T478K) A23013C(S:E484A) T23018C(S:F486P) T23019C(S:F486P) T23031C(S:F490S) A23055G(S:Q498R) A23063T(S:N501Y)	79	6303	0.012533714104394732	22887	23064
T22882G(S:N440K) G22895C(S:V445P) T22896C(S:V445P) G22898A(S:G446S) T22928C(S:F456L) T22942G(S:N460K) G22992A(S:S477N) C22995A(S:T478K) A23013C(S:E484A) T23018C(S:F486P) T23019C(S:F486P) T23031C(S:F490S) A23055G(S:Q498R)	78	6220	0.012540192926045015	22881	23056
A22786C(S:R408S) G22813T(S:K417N) G22895C(S:V445P) T22896C(S:V445P) G22898A(S:G446S) T22942G(S:N460K)	78	8172	0.009544787077826725	22778	22944
G22898A(S:G446S) T22930A(S:F456L) T22942G(S:N460K) G22992A(S:S477N) C22995G(S:T478R)	78	20792	0.0037514428626394766	22897	22997
G22813T(S:K417N) T22882G(S:N440K) G22895C(S:V445P) T22896C(S:V445P) G22898A(S:G446S) T22912C(S:N450N) T22942G(S:N460K)	78	12673	0.006154817328178016	22811	22943
A22786C(S:R408S) G22813T(S:K417N) T22928C(S:F456L) T22942G(S:N460K) G22992A(S:S477N) C22995G(S:T478R)	77	5945	0.01295206055508831	22779	22997
G22813T(S:K417N) T22882G(S:N440K) G22895C(S:V445P) T22896C(S:V445P) G22898A(S:G446S) T22942G(S:N460K) G22992A(S:S477N) C22995G(S:T478R) A23013C(S:E484A) T23018C(S:F486P) T23019C(S:F486P) T23031C(S:F490S)	77	5107	0.015077344820834148	22811	23031
A22786C(S:R408S) G22813T(S:K417N) T22930A(S:F456L) T22942G(S:N460K) G22992A(S:S477N) C22995A(S:T478K)	76	5945	0.0127838519764508	22779	22997
A22786C(S:R408S) G22813T(S:K417N) G22898A(S:G446S) T22912C(S:N450N) T22942G(S:N460K) G22992A(S:S477N) C22995G(S:T478R)	75	5945	0.012615643397813289	22783	22997
A22786C(S:R408S) G22813T(S:K417N) G22992A(S:S477N) C22995A(S:T478K) A23013C(S:E484A) T23018C(S:F486P) T23019C(S:F486P) T23031C(S:F490S) A23055G(S:Q498R)	74	1631	0.045370938074800735	22778	23055
G22813T(S:K417N) T22882G(S:N440K) T22942G(S:N460K) G22992A(S:S477N) C22995G(S:T478R) A23013C(S:E484A) T23018C(S:F486P) T23019C(S:F486P)	73	5929	0.012312362961713612	22803	23023
G22895C(S:V445P) T22896C(S:V445P) G22898A(S:G446S) T22928C(S:F456L) T22942G(S:N460K) T23031C(S:F490S) A23055G(S:Q498R) A23063T(S:N501Y) T23075C(S:Y505H)	73	3225	0.02263565891472868	22887	23109
T22928C(S:F456L) T22942G(S:N460K) G22992A(S:S477N) C22995G(S:T478R) A23013C(S:E484A) T23018C(S:F486P) T23019C(S:F486P) T23031C(S:F490S)	73	15683	0.0046547216731492695	22927	23031
A22786C(S:R408S) G22813T(S:K417N) G22898A(S:G446S) T22930A(S:F456L) T22942G(S:N460K) G22992A(S:S477N) C22995A(S:T478K)	72	5945	0.012111017661900756	22779	22997
G22898A(S:G446S) T22928C(S:F456L) T22942G(S:N460K) G22992A(S:S477N) C22995G(S:T478R)	72	20792	0.0034628703347441324	22897	22997
T22882G(S:N440K) G22895C(S:V445P) T22896C(S:V445P) G22898A(S:G446S) T22930A(S:F456L) T22942G(S:N460K) A23055G(S:Q498R) A23063T(S:N501Y) T23075C(S:Y505H)	71	2817	0.025204117855875046	22881	23115
T22942G(S:N460K) G22992A(S:S477N) C22995G(S:T478R) T23031C(S:F490S) A23055G(S:Q498R) A23063T(S:N501Y) T23075C(S:Y505H)	71	5956	0.011920752182672936	22922	23110
T22912C(S:N450N) T22942G(S:N460K) G22992A(S:S477N) C22995G(S:T478R) A23013C(S:E484A) T23018C(S:F486P) T23019C(S:F486P) T23031C(S:F490S)	71	13985	0.005076868072935288	22911	23031
G22813T(S:K417N)	70	20889	0.003351046005074441	22805	22864
T22928C(S:F456L) T22942G(S:N460K) G22992A(S:S477N) C22995G(S:T478R) A23013C(S:E484A) T23018C(S:F486P) T23019C(S:F486P)	70	18314	0.003822212515015835	22927	23023
T22930A(S:F456L) T22942G(S:N460K) G22992A(S:S477N) C22995G(S:T478R) A23013C(S:E484A) T23018C	70	19257	0.0036350418029807343	22924	23018
T23032G A23055G(S:Q498R) A23063T(S:N501Y) T23075C(S:Y505H)	70	8760	0.007990867579908675	23031	23115
G22898A(S:G446S) T22928C(S:F456L) T22942G(S:N460K) G22992A(S:S477N) C22995A(S:T478K)	70	20792	0.003366679492112351	22897	22997
G22577C(S:G339H) G22578A(S:G339H) G22599C(S:R346T) C22664A(S:L368I)	69	574	0.12020905923344948	22573	22664
A22786C(S:R408S) G22813T(S:K417N) T22928C(S:F456L) T22942G(S:N460K) G22992A(S:S477N) C22995A(S:T478K) A23013C(S:E484A)	69	4106	0.016804676083779835	22778	23013
T22882G(S:N440K) G22895C(S:V445P) T22896C(S:V445P) G22898A(S:G446S) G22992A(S:S477N) C22995G(S:T478R) A23013C(S:E484A) T23018C(S:F486P) T23019C(S:F486P) T23031C(S:F490S) A23055G(S:Q498R) A23063T(S:N501Y)	67	5530	0.012115732368896926	22857	23067
T22882G(S:N440K) G22895C(S:V445P) T22896C(S:V445P) G22898A(S:G446S) T22930A(S:F456L)	67	25850	0.0025918762088974856	22881	22930
G22992A(S:S477N) C22995A(S:T478K) A23013C(S:E484A) T23018C(S:F486P) T23019C(S:F486P) T23031C(S:F490S) A23055G(S:Q498R)	67	11357	0.005899445276041208	22966	23055
G22577C(S:G339H) G22578A(S:G339H) C22664A(S:L368I) C22674T(S:S371F) T22679C(S:S373P) C22686T(S:S375F) A22688G(S:T376A)	66	487	0.13552361396303902	22498	22704
G22813T(S:K417N) T22882G(S:N440K) T22928C(S:F456L) T22942G(S:N460K) G22992A(S:S477N) C22995A(S:T478K)	65	9401	0.006914158068290608	22798	22998
G22813T(S:K417N) T22882G(S:N440K) G22895C(S:V445P) T22896C(S:V445P) G22898A(S:G446S) G22992A(S:S477N) C22995G(S:T478R) A23013C(S:E484A) T23018C(S:F486P) T23019C(S:F486P) T23031C(S:F490S) A23055G(S:Q498R) A23063T(S:N501Y)	65	2340	0.027777777777777776	22811	23064
G22813T(S:K417N) T22882G(S:N440K) T23019C T23031C(S:F490S) A23055G(S:Q498R) A23063T(S:N501Y) T23075C(S:Y505H)	65	1048	0.06202290076335878	22803	23104
G22898A(S:G446S) T22930A(S:F456L) T22942G(S:N460K) G22992A(S:S477N) C22995A(S:T478K)	63	20792	0.003030011542901116	22897	22997
T22928C(S:F456L) T22942G(S:N460K) G22992A(S:S477N) C22995A(S:T478K) A23013C(S:E484A) T23031C(S:F490S) A23055G(S:Q498R) A23063T(S:N501Y) T23075C(S:Y505H)	63	5180	0.012162162162162163	22916	23110
G22813T(S:K417N) T22882G(S:N440K) T22942G(S:N460K) G22992A(S:S477N) C22995G(S:T478R) A23013C(S:E484A)	62	6521	0.00950774421101058	22799	23013
T22882G(S:N440K) G22895C(S:V445P) T22896C(S:V445P) G22898A(S:G446S) T22912C(S:N450N) T22942G(S:N460K) G22992A(S:S477N) C22995G(S:T478R) A23013C(S:E484A) T23018C(S:F486P) T23019C(S:F486P)	62	12452	0.004979119820109219	22881	23023
G22813T(S:K417N) T22882G(S:N440K) G22898A(S:G446S) T22928C(S:F456L) T22942G(S:N460K) G22992A(S:S477N) C22995A(S:T478K)	61	9401	0.006488671417934262	22799	22997
T22942G(S:N460K) G22992A(S:S477N) C22995G(S:T478R) A23013C(S:E484A) T23018C T23031C(S:F490S) A23055G(S:Q498R) A23063T(S:N501Y) T23075C(S:Y505H)	60	5956	0.010073875083948958	22918	23111
A22786C(S:R408S) G22813T(S:K417N) T22942G(S:N460K) G22992A(S:S477N)	60	6090	0.009852216748768473	22779	22992
G22813T(S:K417N) T22882G(S:N440K) G22895C(S:V445P) T22896C(S:V445P) G22898A(S:G446S) T22912C(S:N450N)	60	15429	0.0038887808671981333	22812	22912
T22882G(S:N440K) G22895C(S:V445P) T22896C(S:V445P) G22898A(S:G446S) T22912C(S:N450N) T22942G(S:N460K) G22992A(S:S477N) C22995G(S:T478R)	58	17770	0.003263927968486213	22881	22997
T22882G(S:N440K) G22895C(S:V445P) T22896C(S:V445P) G22898A(S:G446S) G22992A(S:S477N) C22995G(S:T478R) A23013C(S:E484A) T23018C(S:F486P) T23019C(S:F486P) T23031C(S:F490S)	57	10893	0.005232718259432663	22856	23041
T22942G(S:N460K) G22992A(S:S477N) C22995G(S:T478R) A23013C(S:E484A) T23018C(S:F486P) T23019C(S:F486P) T23031C(S:F490S) A23055G(S:Q498R)	57	10415	0.005472875660105617	22941	23055
G22813T(S:K417N) T22882G(S:N440K) G22898A(S:G446S) T22930A(S:F456L) T22942G(S:N460K) G22992A(S:S477N) C22995G(S:T478R)	57	9401	0.006063184767577917	22802	22997
T22942G(S:N460K) G22992A(S:S477N) C22995G(S:T478R) A23013C(S:E484A) A23055G(S:Q498R) A23063T(S:N501Y) T23075C(S:Y505H)	56	5956	0.009402283411685695	22916	23115
T22882G(S:N440K) G22895C(S:V445P) T22896C(S:V445P) G22898A(S:G446S) T22930A(S:F456L) T22942G(S:N460K) G22992A(S:S477N) C22995G(S:T478R) A23013C(S:E484A) T23018C(S:F486P) T23019C(S:F486P)	56	12452	0.004497269514937359	22881	23023
T22928C(S:F456L) T22942G(S:N460K) G22992A(S:S477N) C22995A(S:T478K) A23013C(S:E484A) T23018C(S:F486P) T23019C(S:F486P) T23031C(S:F490S) A23055G(S:Q498R) A23063T(S:N501Y) T23075C(S:Y505H)	55	5180	0.010617760617760617	22927	23103
A22786C(S:R408S) G22813T(S:K417N) T22930A(S:F456L) T22942G(S:N460K) G22992A(S:S477N) C22995G(S:T478R) A23013C(S:E484A) T23018C(S:F486P) T23019C(S:F486P)	55	3709	0.014828794823402535	22778	23023
T22928C(S:F456L) T22942G(S:N460K) G22992A(S:S477N) C22995G(S:T478R) A23013C(S:E484A) T23018C	54	19176	0.002816020025031289	22918	23018
G22898A(S:G446S) T22912C(S:N450N) T22942G(S:N460K) G22992A(S:S477N) C22995G(S:T478R)	54	20792	0.002597152751058099	22897	22997
T22882G(S:N440K) G22895C(S:V445P) T22896C(S:V445P) G22898A(S:G446S) T23031C(S:F490S) A23055G(S:Q498R) A23063T(S:N501Y) T23075C(S:Y505H)	54	2817	0.019169329073482427	22856	23110
T22882G(S:N440K) G22895C(S:V445P) T22896C(S:V445P) G22898A(S:G446S) T22912C(S:N450N) T22942G(S:N460K) T23031C(S:F490S) A23055G(S:Q498R) A23063T(S:N501Y) T23075C(S:Y505H)	54	2817	0.019169329073482427	22881	23111
T22882G(S:N440K) G22895C(S:V445P) T22896C(S:V445P) G22898A(S:G446S) T22942G(S:N460K) G22992A(S:S477N)	53	18109	0.0029267215196863436	22881	22992
T22882G(S:N440K) G22895C(S:V445P) T22896C(S:V445P) G22898A(S:G446S) T22928C(S:F456L) T22942G(S:N460K) G22992A(S:S477N) C22995G(S:T478R) A23013C(S:E484A) T23018C(S:F486P) T23019C(S:F486P)	52	12452	0.004176035978156119	22881	23023
T22882G(S:N440K) G22895C(S:V445P) T22896C(S:V445P) G22898A(S:G446S) T22942G(S:N460K) G22992A(S:S477N) C22995A(S:T478K) A23013C(S:E484A) T23018C(S:F486P) T23019C(S:F486P) T23031C(S:F490S)	50	10893	0.004590103736344441	22881	23031
T22882G(S:N440K) G22895C(S:V445P) T22896C(S:V445P) G22898A(S:G446S) T22930A(S:F456L) T22942G(S:N460K) G22992A(S:S477N) C22995G(S:T478R) A23013C(S:E484A)	50	13430	0.0037230081906180195	22881	23013
T22942G(S:N460K) G22992A(S:S477N) T23031C(S:F490S) A23055G(S:Q498R) A23063T(S:N501Y) T23075C(S:Y505H)	50	5956	0.0083948959032908	22907	23111
T22928C(S:F456L) T22942G(S:N460K) G22992A(S:S477N) C22995A(S:T478K) T23031C(S:F490S) A23055G(S:Q498R) A23063T(S:N501Y) T23075C(S:Y505H)	49	5180	0.00945945945945946	22921	23110
G22813T(S:K417N) T22882G(S:N440K) G22898A(S:G446S) T22928C(S:F456L) T22942G(S:N460K) G22992A(S:S477N) C22995G(S:T478R)	48	9401	0.0051058398042761405	22803	22997
G22895C(S:V445P) T22896C(S:V445P) G22898A(S:G446S) T22928C(S:F456L) T22942G(S:N460K) G22992A(S:S477N) C22995A(S:T478K) A23013C(S:E484A) T23018C(S:F486P) T23019C(S:F486P)	48	13802	0.003477756846833792	22887	23023
A22786C(S:R408S) G22813T(S:K417N) G22895C(S:V445P) T22896C(S:V445P) G22898A(S:G446S) T22930A(S:F456L) T22942G(S:N460K)	48	8172	0.005873715124816446	22778	22944
G22813T(S:K417N) T22882G(S:N440K) G22895C(S:V445P) T22896C(S:V445P) G22898A(S:G446S) T22928C(S:F456L)	47	13159	0.003571699977201915	22811	22928
T22912C(S:N450N) T22942G(S:N460K) G22992A(S:S477N) C22995G(S:T478R) T23031C(S:F490S) A23055G(S:Q498R) A23063T(S:N501Y) T23075C(S:Y505H)	47	4187	0.011225220921901122	22911	23110
T22882G(S:N440K) G22895C(S:V445P) T22896C(S:V445P) G22898A(S:G446S) T22912C(S:N450N) T22942G(S:N460K) A23055G(S:Q498R) A23063T(S:N501Y) T23075C(S:Y505H)	47	2817	0.01668441604543841	22881	23115
T22928C(S:F456L) T22942G(S:N460K) G22992A(S:S477N) C22995A(S:T478K) A23013C(S:E484A) T23018C(S:F486P) T23019C(S:F486P) T23031C(S:F490S) A23055G(S:Q498R)	47	9482	0.004956760177177811	22925	23056
T22930A(S:F456L) T22942G(S:N460K) G22992A(S:S477N) C22995A(S:T478K) A23013C(S:E484A) T23018C(S:F486P) T23019C(S:F486P) T23031C(S:F490S) A23055G(S:Q498R) A23063T(S:N501Y) T23075C(S:Y505H)	46	5188	0.008866615265998457	22929	23103
G22895C(S:V445P) T22896C(S:V445P) G22898A(S:G446S) T22928C(S:F456L) T22942G(S:N460K) A23055G(S:Q498R) A23063T(S:N501Y) T23075C(S:Y505H)	46	3225	0.014263565891472868	22887	23110
A22786C(S:R408S) G22813T(S:K417N) T22930A(S:F456L) T22942G(S:N460K) G22992A(S:S477N) C22995A(S:T478K) A23013C(S:E484A) T23018C(S:F486P) T23019C(S:F486P)	46	3709	0.01240226476139121	22779	23023
G22813T(S:K417N) T22882G(S:N440K) G22895C(S:V445P) T22896C(S:V445P) G22898A(S:G446S) T22928C(S:F456L) T22942G(S:N460K) G22992A(S:S477N) C22995A(S:T478K)	45	9401	0.004786724816508882	22811	22997
G22813T(S:K417N) T22882G(S:N440K) G22895C(S:V445P) T22896C(S:V445P) G22898A(S:G446S) G22992A(S:S477N) C22995A(S:T478K) A23013C(S:E484A) T23018C(S:F486P) T23019C(S:F486P) T23031C(S:F490S) A23055G(S:Q498R) A23063T(S:N501Y)	45	2340	0.019230769230769232	22811	23064
G22813T(S:K417N) T22882G(S:N440K) G22895C(S:V445P) T22896C(S:V445P) G22898A(S:G446S) T23031C(S:F490S) A23055G(S:Q498R) A23063T(S:N501Y) T23075C(S:Y505H)	45	1048	0.042938931297709926	22811	23111
T22882G(S:N440K) G22895C(S:V445P) T22896C(S:V445P) G22898A(S:G446S) G22992A(S:S477N) C22995A(S:T478K) A23013C(S:E484A) T23018C(S:F486P) T23019C(S:F486P) T23031C(S:F490S) A23055G(S:Q498R) A23063T(S:N501Y)	45	5530	0.0081374321880651	22839	23064
A22786C(S:R408S) G22813T(S:K417N) T22930A(S:F456L) T22942G(S:N460K) G22992A(S:S477N) C22995A(S:T478K) A23013C(S:E484A)	45	4106	0.010959571358986848	22778	23013
G22895C(S:V445P) T22896C(S:V445P) G22898A(S:G446S) T22942G(S:N460K) G22992A(S:S477N) C22995G(S:T478R) A23013C(S:E484A) T23018C(S:F486P) T23019C(S:F486P)	45	13802	0.0032603970439066803	22887	23023
T22942G(S:N460K) G22992A(S:S477N) C22995A(S:T478K) A23013C(S:E484A) T23018C(S:F486P) T23019C(S:F486P)	44	21332	0.0020626289143071443	22940	23023
G22813T(S:K417N) T22882G(S:N440K) G22992A(S:S477N) C22995G(S:T478R) A23013C(S:E484A) T23018C(S:F486P) T23019C(S:F486P) T23031C(S:F490S) A23055G(S:Q498R)	44	2653	0.016584998115341122	22804	23056
T22928C(S:F456L) T22942G(S:N460K) G22992A(S:S477N) C22995A(S:T478K) A23013C(S:E484A) A23055G(S:Q498R) A23063T(S:N501Y) T23075C(S:Y505H)	43	5180	0.008301158301158301	22917	23115
A22786C(S:R408S) G22813T(S:K417N) T22882G(S:N440K) T22942G(S:N460K) G22992A(S:S477N) C22995G(S:T478R) A23013C(S:E484A) T23018C(S:F486P) T23019C(S:F486P) T23031C(S:F490S)	43	3193	0.013466958972752897	22785	23031
T22942G(S:N460K) G22992A(S:S477N) C22995G(S:T478R) A23055G(S:Q498R) A23063T(S:N501Y) T23075C(S:Y505H)	43	5956	0.007219610476830087	22921	23115
G22895C(S:V445P) T22896C(S:V445P) G22898A(S:G446S) T22930A(S:F456L) T22942G(S:N460K) G22992A(S:S477N) C22995A(S:T478K) A23013C(S:E484A) T23018C(S:F486P) T23019C(S:F486P) T23031C(S:F490S)	42	12103	0.003470213996529786	22887	23031
G22895C(S:V445P) T22896C(S:V445P) G22898A(S:G446S) T22930A(S:F456L) T22942G(S:N460K) T23031C(S:F490S) A23055G(S:Q498R) A23063T(S:N501Y) T23075C(S:Y505H)	42	3225	0.013023255813953489	22887	23110
C22664A(S:L368I) C22674T(S:S371F) T22679C(S:S373P) C22686T(S:S375F) A22688G(S:T376A) G22775A(S:D405N) A22786C(S:R408S)	42	292	0.14383561643835616	22663	22787
G22813T(S:K417N) T22882G(S:N440K) T22930A(S:F456L) T22942G(S:N460K) G22992A(S:S477N) C22995G(S:T478R)	41	9401	0.004361238166152537	22804	22997
G22895C(S:V445P) T22896C(S:V445P) G22898A(S:G446S) T22928C(S:F456L) T22942G(S:N460K) T23019C T23031C(S:F490S) A23055G(S:Q498R) A23063T(S:N501Y) T23075C(S:Y505H)	41	3225	0.012713178294573644	22887	23115
G22895C(S:V445P) T22896C(S:V445P) G22898A(S:G446S) T22942G(S:N460K) G22992A(S:S477N) C22995G(S:T478R)	41	19321	0.0021220433724962475	22887	22997
G22775A(S:D405N) A22786C(S:R408S)	41	497	0.08249496981891348	22712	22791
A22786C(S:R408S) G22813T(S:K417N) T22930A(S:F456L) T22942G(S:N460K) G22992A(S:S477N) C22995G(S:T478R) A23013C(S:E484A)	41	4106	0.009985387238188018	22778	23013
G22895C(S:V445P) T22896C(S:V445P) G22898A(S:G446S) T22928C(S:F456L) T22942G(S:N460K) G22992A(S:S477N) C22995G(S:T478R) A23013C(S:E484A) T23018C(S:F486P) T23019C(S:F486P) T23031C(S:F490S) A23055G(S:Q498R) A23063T(S:N501Y)	41	6303	0.00650483896557195	22887	23067
T22928C(S:F456L) T22942G(S:N460K) G22992A(S:S477N) T23031C(S:F490S) A23055G(S:Q498R) A23063T(S:N501Y) T23075C(S:Y505H)	40	5180	0.007722007722007722	22898	23111
A22786C(S:R408S)	40	13171	0.003036975172727963	22779	22858
G22895C(S:V445P) T22896C(S:V445P) G22898A(S:G446S) T22930A(S:F456L) T22942G(S:N460K) G22992A(S:S477N) C22995G(S:T478R) A23013C(S:E484A) T23018C(S:F486P) T23019C(S:F486P) T23031C(S:F490S)	39	12103	0.00322234156820623	22887	23031
G22813T(S:K417N) T22882G(S:N440K) G22895C(S:V445P) T22896C(S:V445P) G22898A(S:G446S) G22992A(S:S477N) C22995G(S:T478R) A23013C(S:E484A) T23018C(S:F486P) T23019C(S:F486P) T23031C(S:F490S)	39	5107	0.0076365772469159975	22811	23046
G22895C(S:V445P) T22896C(S:V445P) G22898A(S:G446S) T22930A(S:F456L) T22942G(S:N460K) G22992A(S:S477N) C22995G(S:T478R) A23013C(S:E484A) T23018C(S:F486P) T23019C(S:F486P) T23031C(S:F490S) A23055G(S:Q498R) A23063T(S:N501Y)	39	6303	0.006187529747739172	22887	23067
T22930A(S:F456L) T22942G(S:N460K) G22992A(S:S477N) C22995G(S:T478R) A23013C(S:E484A) T23018C(S:F486P) T23019C(S:F486P) T23031C(S:F490S) A23055G(S:Q498R) A23063T(S:N501Y) T23075C(S:Y505H)	39	5188	0.007517347725520432	22929	23103
T22942G(S:N460K) G22992A(S:S477N) C22995G(S:T478R) A23013C(S:E484A) T23019C T23031C(S:F490S) A23055G(S:Q498R) A23063T(S:N501Y) T23075C(S:Y505H)	38	5956	0.0063801208865010076	22941	23111
T22942G(S:N460K) G22992A(S:S477N) C22995A(S:T478K) A23013C(S:E484A) T23018C(S:F486P) T23019C(S:F486P) T23031C(S:F490S) A23055G(S:Q498R) A23063T(S:N501Y)	38	9475	0.0040105540897097626	22941	23066
G22895C(S:V445P) T22896C(S:V445P) G22898A(S:G446S) T22930A(S:F456L) T22942G(S:N460K) G22992A(S:S477N) C22995A(S:T478K) A23013C(S:E484A) T23018C(S:F486P) T23019C(S:F486P) T23031C(S:F490S) A23055G(S:Q498R) A23063T(S:N501Y)	38	6303	0.006028875138822783	22887	23066
G22813T(S:K417N) T22882G(S:N440K) T22928C(S:F456L) T22942G(S:N460K) G22992A(S:S477N) C22995A(S:T478K) A23013C(S:E484A) T23018C(S:F486P) T23019C(S:F486P)	38	5929	0.0064091752403440715	22803	23023
T22942G(S:N460K) G22992A(S:S477N) C22995G(S:T478R) T23019C T23031C(S:F490S) A23055G(S:Q498R) A23063T(S:N501Y) T23075C(S:Y505H)	38	5956	0.0063801208865010076	22919	23115
T22928C(S:F456L) T22942G(S:N460K) G22992A(S:S477N) C22995G(S:T478R) A23013C(S:E484A) T23018C(S:F486P) T23019C(S:F486P) T23031C(S:F490S) A23055G(S:Q498R) A23063T(S:N501Y)	38	8569	0.004434589800443459	22927	23067
G22813T(S:K417N) T22882G(S:N440K) T22928C(S:F456L) T22942G(S:N460K) G22992A(S:S477N) C22995G(S:T478R)	38	9401	0.004042123178385278	22803	22999
T22930A(S:F456L) T22942G(S:N460K) G22992A(S:S477N) C22995G(S:T478R) A23013C(S:E484A) T23018C(S:F486P) T23019C(S:F486P) T23031C(S:F490S) A23055G(S:Q498R) A23063T(S:N501Y)	37	8578	0.004313359757519235	22926	23064
G22599C(S:R346T) C22664A(S:L368I) C22674T(S:S371F) T22679C(S:S373P) C22686T(S:S375F) A22688G(S:T376A)	37	577	0.06412478336221837	22598	22699
G22895C(S:V445P) T22896C(S:V445P) G22898A(S:G446S) T22928C(S:F456L) T22942G(S:N460K) G22992A(S:S477N) C22995A(S:T478K)	37	19321	0.0019150147507892967	22887	22997
G22577C(S:G339H) G22578A(S:G339H) G22599C(S:R346T) G22775A(S:D405N) A22786C(S:R408S) G22813T(S:K417N)	36	65	0.5538461538461539	22563	22814
G22813T(S:K417N) T22882G(S:N440K) T22912C(S:N450N) T22942G(S:N460K) G22992A(S:S477N) C22995G(S:T478R)	36	9401	0.0038293798532071056	22798	22999
T22942G(S:N460K) G22992A(S:S477N) C22995G(S:T478R) A23013C(S:E484A) T23018C A23055G(S:Q498R) A23063T(S:N501Y) T23075C(S:Y505H)	36	5956	0.006044325050369375	22918	23111
G22813T(S:K417N) T22882G(S:N440K) G22895C(S:V445P) T22896C(S:V445P) G22898A(S:G446S) G22992A(S:S477N) C22995A(S:T478K) A23013C(S:E484A) T23018C(S:F486P) T23019C(S:F486P) T23031C(S:F490S)	36	5107	0.007049148227922459	22811	23047
G22813T(S:K417N) T22882G(S:N440K) T22928C(S:F456L) T22942G(S:N460K) G22992A(S:S477N) C22995A(S:T478K) A23013C(S:E484A)	36	6521	0.00552062567090937	22798	23013
T22928C(S:F456L) T22942G(S:N460K) G22992A(S:S477N) C22995A(S:T478K) A23013C(S:E484A) T23019C T23031C(S:F490S) A23055G(S:Q498R) A23063T(S:N501Y) T23075C(S:Y505H)	36	5180	0.0069498069498069494	22916	23115
G22895C(S:V445P) T22896C(S:V445P) G22898A(S:G446S) T22912C(S:N450N) T22942G(S:N460K) G22992A(S:S477N) C22995G(S:T478R) A23013C(S:E484A) T23018C(S:F486P) T23019C(S:F486P) T23031C(S:F490S)	36	12103	0.0029744691398826736	22887	23031
G22895C(S:V445P) T22896C(S:V445P) G22898A(S:G446S) T22942G(S:N460K) A23055G(S:Q498R) A23063T(S:N501Y) T23075C(S:Y505H)	35	3225	0.010852713178294573	22887	23115
G22813T(S:K417N) T22882G(S:N440K) T22930A(S:F456L) T22942G(S:N460K) G22992A(S:S477N) C22995A(S:T478K)	35	9401	0.0037230081906180195	22799	22999
T22882G(S:N440K) G22895C(S:V445P) T22896C(S:V445P) G22898A(S:G446S) A23055G(S:Q498R) A23063T(S:N501Y) T23075C(S:Y505H)	34	2817	0.012069577564785232	22857	23115
G22895C(S:V445P) T22896C(S:V445P) G22898A(S:G446S) T22912C(S:N450N) T22942G(S:N460K) G22992A(S:S477N) C22995G(S:T478R) A23013C(S:E484A) T23018C(S:F486P) T23019C(S:F486P) T23031C(S:F490S) A23055G(S:Q498R) A23063T(S:N501Y)	34	6303	0.005394256703157227	22887	23067
G22813T(S:K417N) T22882G(S:N440K) G22898A(S:G446S) T22912C(S:N450N) T22942G(S:N460K) G22992A(S:S477N) C22995G(S:T478R)	34	9401	0.003616636528028933	22803	22997
G22813T(S:K417N) T22882G(S:N440K) G22992A(S:S477N) C22995A(S:T478K) A23013C(S:E484A) T23018C(S:F486P) T23019C(S:F486P) T23031C(S:F490S) A23055G(S:Q498R)	33	2653	0.012438748586505842	22798	23057
G22895C(S:V445P) T22896C(S:V445P) G22898A(S:G446S) T22942G(S:N460K) T23019C T23031C(S:F490S) A23055G(S:Q498R) A23063T(S:N501Y) T23075C(S:Y505H)	33	3225	0.010232558139534883	22887	23115
T22882G(S:N440K) G22895C(S:V445P) T22896C(S:V445P) G22898A(S:G446S) T22928C(S:F456L) T22942G(S:N460K) G22992A(S:S477N) C22995G(S:T478R) A23013C(S:E484A)	33	13430	0.0024571854058078927	22881	23013
T22942G(S:N460K) G22992A(S:S477N) C22995A(S:T478K) A23013C(S:E484A)	32	24854	0.0012875191116118129	22931	23013
T22930A(S:F456L) T22942G(S:N460K) G22992A(S:S477N) C22995A(S:T478K) A23013C(S:E484A) T23031C(S:F490S) A23055G(S:Q498R) A23063T(S:N501Y) T23075C(S:Y505H)	32	5188	0.006168080185042405	22917	23111
T22882G(S:N440K) G22895C(S:V445P) T22896C(S:V445P) G22898A(S:G446S) T22942G(S:N460K) G22992A(S:S477N) C22995A(S:T478K)	32	17770	0.0018007878446820484	22881	22997
G22813T(S:K417N) T22882G(S:N440K) G22895C(S:V445P) T22896C(S:V445P) G22898A(S:G446S) T22930A(S:F456L) T22942G(S:N460K) G22992A(S:S477N) C22995G(S:T478R)	32	9401	0.0034038932028507603	22812	22997
T22882G(S:N440K) G22895C(S:V445P) T22896C(S:V445P) G22898A(S:G446S) T22912C(S:N450N) T22942G(S:N460K) T23019C T23031C(S:F490S) A23055G(S:Q498R) A23063T(S:N501Y) T23075C(S:Y505H)	32	2817	0.011359602413915513	22881	23115
A22786C(S:R408S) G22813T(S:K417N) T22928C(S:F456L) T22942G(S:N460K) G22992A(S:S477N)	32	6090	0.005254515599343186	22778	22992
G23205A(S:G548D)	32	28120	0.0011379800853485065	23148	23211
G22813T(S:K417N) T22882G(S:N440K) G22895C(S:V445P) T22896C(S:V445P) G22898A(S:G446S) T22942G(S:N460K) G22992A(S:S477N) C22995A(S:T478K) A23013C(S:E484A) T23018C(S:F486P) T23019C(S:F486P) T23031C(S:F490S)	32	5107	0.006265909535931075	22811	23031
T22882G(S:N440K) G22895C(S:V445P) T22896C(S:V445P) G22898A(S:G446S) G22992A(S:S477N) C22995A(S:T478K) A23013C(S:E484A) T23018C(S:F486P) T23019C(S:F486P) T23031C(S:F490S)	31	10893	0.0028458643165335537	22856	23043
G22813T(S:K417N) T22882G(S:N440K) G22895C(S:V445P) T22896C(S:V445P) G22898A(S:G446S) T22942G(S:N460K) G22992A(S:S477N) C22995G(S:T478R) A23013C(S:E484A) T23018C(S:F486P) T23019C(S:F486P)	31	5929	0.005228537696070163	22811	23023
T22928C(S:F456L) T22942G(S:N460K) G22992A(S:S477N) A23055G(S:Q498R) A23063T(S:N501Y) T23075C(S:Y505H)	30	5180	0.005791505791505791	22898	23115
T22930A(S:F456L) T22942G(S:N460K) G22992A(S:S477N) C22995A(S:T478K) A23013C(S:E484A) T23018C(S:F486P) T23019C(S:F486P) T23031C(S:F490S) A23055G(S:Q498R) A23063T(S:N501Y)	30	8578	0.0034973187223128937	22926	23067
T22928C(S:F456L) T22942G(S:N460K) G22992A(S:S477N) C22995A(S:T478K) A23013C(S:E484A) T23018C T23031C(S:F490S) A23055G(S:Q498R) A23063T(S:N501Y) T23075C(S:Y505H)	30	5180	0.005791505791505791	22918	23111
T22882G(S:N440K) G22895C(S:V445P) T22896C(S:V445P) G22898A(S:G446S) T22928C(S:F456L) T22942G(S:N460K) G22992A(S:S477N) C22995G(S:T478R) A23013C(S:E484A) T23018C(S:F486P) T23019C(S:F486P) T23031C(S:F490S) A23055G(S:Q498R)	29	6220	0.004662379421221865	22881	23055
T22882G(S:N440K) G22895C(S:V445P) T22896C(S:V445P) G22898A(S:G446S) T22930A(S:F456L) T22942G(S:N460K) G22992A(S:S477N) C22995A(S:T478K) A23013C(S:E484A) T23018C(S:F486P) T23019C(S:F486P) T23031C(S:F490S) A23055G(S:Q498R)	28	6220	0.0045016077170418	22881	23057
G22813T(S:K417N) T22882G(S:N440K) G22895C(S:V445P) T22896C(S:V445P) G22898A(S:G446S) T22930A(S:F456L) T22942G(S:N460K) G22992A(S:S477N) C22995A(S:T478K)	28	9401	0.0029784065524944155	22812	22997
G22895C(S:V445P) T22896C(S:V445P) G22898A(S:G446S) T22928C(S:F456L) T22942G(S:N460K) G22992A(S:S477N) C22995G(S:T478R) A23013C(S:E484A) T23018C(S:F486P) T23019C(S:F486P) T23031C(S:F490S)	28	12103	0.002313475997686524	22887	23031
T22930A(S:F456L) T22942G(S:N460K) G22992A(S:S477N) C22995G(S:T478R) T23031C(S:F490S) A23055G(S:Q498R) A23063T(S:N501Y) T23075C(S:Y505H)	28	5188	0.005397070161912105	22908	23111
T22882G(S:N440K) G22895C(S:V445P) T22896C(S:V445P) G22898A(S:G446S) T22930A(S:F456L) T22942G(S:N460K) G22992A(S:S477N) C22995A(S:T478K) A23013C(S:E484A)	28	13430	0.002084884586746091	22864	23014
G22895C(S:V445P) T22896C(S:V445P) G22898A(S:G446S)	28	32350	0.0008655332302936631	22886	22916
G22813T(S:K417N) T22882G(S:N440K) G22895C(S:V445P) T22896C(S:V445P) G22898A(S:G446S) T22930A(S:F456L)	28	13132	0.0021321961620469083	22811	22932
A22786C(S:R408S) G22813T(S:K417N) T22882G(S:N440K) T23031C(S:F490S) A23055G(S:Q498R) A23063T(S:N501Y) T23075C(S:Y505H)	27	623	0.04333868378812199	22784	23111
T22942G(S:N460K) G22992A(S:S477N) C22995A(S:T478K)	27	31777	0.0008496711457972747	22928	22997
A22786C(S:R408S) G22813T(S:K417N) T22942G(S:N460K) G22992A(S:S477N) C22995A(S:T478K) A23013C(S:E484A) T23018C(S:F486P) T23019C(S:F486P)	27	3709	0.007279590186033971	22778	23023
A22786C(S:R408S) G22813T(S:K417N) T22882G(S:N440K) G22898A(S:G446S) T22942G(S:N460K) G22992A(S:S477N) C22995G(S:T478R)	27	5945	0.004541631623212783	22785	22997
T22928C(S:F456L) T22942G(S:N460K) G22992A(S:S477N) C22995A(S:T478K) T23019C T23031C(S:F490S) A23055G(S:Q498R) A23063T(S:N501Y) T23075C(S:Y505H)	27	5180	0.0052123552123552125	22921	23115
T22942G(S:N460K) G22992A(S:S477N) A23055G(S:Q498R) A23063T(S:N501Y) T23075C(S:Y505H)	27	5956	0.004533243787777031	22898	23115
T22882G(S:N440K) G22895C(S:V445P) T22896C(S:V445P) G22898A(S:G446S) T22912C(S:N450N) T22942G(S:N460K) G22992A(S:S477N) C22995G(S:T478R) A23013C(S:E484A) T23018C(S:F486P) T23019C(S:F486P) T23031C(S:F490S) A23055G(S:Q498R)	26	6220	0.004180064308681672	22865	23057
T22882G(S:N440K) G22895C(S:V445P) T22896C(S:V445P) G22898A(S:G446S) T22930A(S:F456L) T22942G(S:N460K) G22992A(S:S477N) C22995G(S:T478R) A23013C(S:E484A) T23018C(S:F486P) T23019C(S:F486P) T23031C(S:F490S) A23055G(S:Q498R)	26	6220	0.004180064308681672	22881	23056
T22912C(S:N450N) T22942G(S:N460K) G22992A(S:S477N) C22995G(S:T478R) A23055G(S:Q498R) A23063T(S:N501Y) T23075C(S:Y505H)	26	4187	0.006209696680200621	22908	23115
G22813T(S:K417N) T22882G(S:N440K) G22898A(S:G446S) T22930A(S:F456L) T22942G(S:N460K) G22992A(S:S477N) C22995A(S:T478K)	26	9401	0.002765663227316243	22798	22997
(23143,1)(S:DEL528)	25	32633	0.000766095670027273	23131	23193
G22813T(S:K417N) T22882G(S:N440K) G22895C(S:V445P) T22896C(S:V445P) G22898A(S:G446S) T22928C(S:F456L) T22942G(S:N460K) G22992A(S:S477N) C22995G(S:T478R)	25	9401	0.002659291564727157	22811	22997
T22912C(S:N450N) T22942G(S:N460K) G22992A(S:S477N) C22995A(S:T478K)	25	24058	0.001039155374511597	22908	23004
A22786C(S:R408S) G22813T(S:K417N) T22928C(S:F456L) T22942G(S:N460K) G22992A(S:S477N) C22995G(S:T478R) A23013C(S:E484A) T23018C(S:F486P) T23019C(S:F486P)	25	3709	0.0067403612833647885	22778	23023
C22664A(S:L368I) C22674T(S:S371F) T22679C(S:S373P) C22686T(S:S375F) A22688G(S:T376A) G22775A(S:D405N)	25	364	0.06868131868131869	22663	22778
G22813T(S:K417N) T22882G(S:N440K) G22895C(S:V445P) T22896C(S:V445P) G22898A(S:G446S) T22928C(S:F456L) T22942G(S:N460K) G22992A(S:S477N) C22995A(S:T478K) A23013C(S:E484A) T23018C(S:F486P) T23019C(S:F486P)	24	5929	0.004047900151796255	22811	23023
A22786C(S:R408S) G22813T(S:K417N) T22882G(S:N440K) T22942G(S:N460K) G22992A(S:S477N) C22995A(S:T478K) A23013C(S:E484A) T23018C(S:F486P) T23019C(S:F486P) T23031C(S:F490S)	24	3193	0.007516442217350454	22785	23031
G22813T(S:K417N) T22882G(S:N440K) T22942G(S:N460K) G22992A(S:S477N)	24	9645	0.002488335925349922	22798	22992
T22928C(S:F456L) T22942G(S:N460K) G22992A(S:S477N) C22995A(S:T478K) A23055G(S:Q498R) A23063T(S:N501Y) T23075C(S:Y505H)	24	5180	0.004633204633204633	22919	23115
T22928C(S:F456L) T22942G(S:N460K) G22992A(S:S477N) C22995G(S:T478R) T23031C(S:F490S) A23055G(S:Q498R) A23063T(S:N501Y) T23075C(S:Y505H)	24	5180	0.004633204633204633	22919	23111
G22895C(S:V445P) T22896C(S:V445P) G22898A(S:G446S) T22930A(S:F456L) T22942G(S:N460K) G22992A(S:S477N) C22995G(S:T478R)	23	19321	0.001190414574814968	22887	22997
T22930A(S:F456L) T22942G(S:N460K) G22992A(S:S477N) A23055G(S:Q498R) A23063T(S:N501Y) T23075C(S:Y505H)	23	5188	0.004433307632999229	22907	23115
T22942G(S:N460K) G22992A(S:S477N) C22995A(S:T478K) A23013C(S:E484A) T23018C(S:F486P) T23019C(S:F486P) T23031C(S:F490S) T23042C(S:S494P)	23	13622	0.001688445162237557	22941	23042
T22928C(S:F456L) T22942G(S:N460K) G22992A(S:S477N) C22995A(S:T478K) A23013C(S:E484A) T23018C A23055G(S:Q498R) A23063T(S:N501Y) T23075C(S:Y505H)	23	5180	0.00444015444015444	22917	23115
T22912C(S:N450N) T22928C(S:F456L) T22942G(S:N460K) G22992A(S:S477N) C22995A(S:T478K)	23	24058	0.0009560229445506692	22907	23004
T22912C(S:N450N) T22942G(S:N460K) G22992A(S:S477N) C22995G(S:T478R) A23013C(S:E484A) T23018C(S:F486P) T23019C(S:F486P)	23	15855	0.0014506464837590665	22911	23023
T22942G(S:N460K) G22992A(S:S477N) T23019C T23031C(S:F490S) A23055G(S:Q498R) A23063T(S:N501Y) T23075C(S:Y505H)	23	5956	0.0038616521155137675	22907	23115
T22930A(S:F456L) T22942G(S:N460K) G22992A(S:S477N) C22995G(S:T478R) A23013C(S:E484A) T23018C(S:F486P) T23019C(S:F486P) T23031C(S:F490S) A23055G(S:Q498R)	23	9493	0.0024228378805435584	22927	23056
G22895C(S:V445P) T22896C(S:V445P) G22898A(S:G446S) T22928C(S:F456L) T22942G(S:N460K) G22992A(S:S477N) C22995A(S:T478K) A23013C(S:E484A)	22	14851	0.0014813817251363545	22887	23015
T22882G(S:N440K) G22895C(S:V445P) T22896C(S:V445P) G22898A(S:G446S) T23019C T23031C(S:F490S) A23055G(S:Q498R) A23063T(S:N501Y) T23075C(S:Y505H)	22	2817	0.007809726659566915	22874	23115
A22786C(S:R408S) G22813T(S:K417N) T22882G(S:N440K) G22992A(S:S477N) C22995G(S:T478R) A23013C(S:E484A) T23018C(S:F486P) T23019C(S:F486P) T23031C(S:F490S) A23055G(S:Q498R) A23063T(S:N501Y)	22	1429	0.015395381385584325	22784	23063
G22577C(S:G339H) G22578A(S:G339H) G22599C(S:R346T) G22775A(S:D405N) A22786C(S:R408S)	22	104	0.21153846153846154	22563	22791
T22930A(S:F456L) T22942G(S:N460K) G22992A(S:S477N) C22995G(S:T478R) A23013C(S:E484A) T23031C(S:F490S) A23055G(S:Q498R) A23063T(S:N501Y) T23075C(S:Y505H)	22	5188	0.004240555127216654	22914	23111
G22895C(S:V445P) T22896C(S:V445P) G22898A(S:G446S) T22942G(S:N460K) G22992A(S:S477N) C22995G(S:T478R) A23013C(S:E484A)	22	14851	0.0014813817251363545	22887	23015
T22928C(S:F456L) T22942G(S:N460K) G22992A(S:S477N) C22995G(S:T478R) A23013C(S:E484A) T23031C(S:F490S) A23055G(S:Q498R) A23063T(S:N501Y) T23075C(S:Y505H)	22	5180	0.0042471042471042475	22917	23111
G22813T(S:K417N) T22882G(S:N440K) T22928C(S:F456L) T22942G(S:N460K) G22992A(S:S477N)	22	9645	0.0022809745982374286	22798	22992
T22930A(S:F456L) T22942G(S:N460K) G22992A(S:S477N) C22995G(S:T478R) A23013C(S:E484A) A23055G(S:Q498R) A23063T(S:N501Y) T23075C(S:Y505H)	21	5188	0.004047802621434078	22916	23115
T22912C(S:N450N) T22942G(S:N460K) G22992A(S:S477N) C22995G(S:T478R) T23019C T23031C(S:F490S) A23055G(S:Q498R) A23063T(S:N501Y) T23075C(S:Y505H)	21	4187	0.005015524241700501	22907	23115
T22928C(S:F456L) T22942G(S:N460K) G22992A(S:S477N) C22995G(S:T478R) A23013C(S:E484A) T23018C(S:F486P) T23019C(S:F486P) T23031C(S:F490S) A23055G(S:Q498R) A23063T(S:N501Y) T23075C(S:Y505H)	21	5180	0.004054054054054054	22927	23103
G22813T(S:K417N) T22882G(S:N440K) G22895C(S:V445P) T22896C(S:V445P) G22898A(S:G446S) A23055G(S:Q498R) A23063T(S:N501Y) T23075C(S:Y505H)	21	1048	0.020038167938931296	22812	23115
G22813T(S:K417N) T22882G(S:N440K) G22895C(S:V445P) T22896C(S:V445P) G22898A(S:G446S) T22912C(S:N450N) T22942G(S:N460K) G22992A(S:S477N) C22995G(S:T478R)	21	9401	0.0022338049143708115	22811	22997
T22928C(S:F456L) T22942G(S:N460K) G22992A(S:S477N) T23019C T23031C(S:F490S) A23055G(S:Q498R) A23063T(S:N501Y) T23075C(S:Y505H)	21	5180	0.004054054054054054	22898	23115
T22930A(S:F456L) T22942G(S:N460K) G22992A(S:S477N) T23031C(S:F490S) A23055G(S:Q498R) A23063T(S:N501Y) T23075C(S:Y505H)	21	5188	0.004047802621434078	22898	23111
G22895C(S:V445P) T22896C(S:V445P) G22898A(S:G446S) T22942G(S:N460K) G22992A(S:S477N) C22995G(S:T478R) A23013C(S:E484A) T23018C(S:F486P) T23019C(S:F486P) T23031C(S:F490S) A23055G(S:Q498R)	21	7054	0.002977034306776297	22887	23057
A22786C(S:R408S) G22813T(S:K417N) T22882G(S:N440K) G22992A(S:S477N) C22995A(S:T478K) A23013C(S:E484A) T23018C(S:F486P) T23019C(S:F486P) T23031C(S:F490S) A23055G(S:Q498R) A23063T(S:N501Y)	20	1429	0.013995801259622114	22784	23067
A22786C(S:R408S) G22813T(S:K417N) T22928C(S:F456L) T22942G(S:N460K) G22992A(S:S477N) C22995G(S:T478R) A23013C(S:E484A)	20	4106	0.004870920603994155	22778	23013
G22577C(S:G339H) G22578A(S:G339H) G22599C(S:R346T) C22686T(S:S375F) A22688G(S:T376A) G22775A(S:D405N)	20	143	0.13986013986013987	22563	22779
T22882G(S:N440K) G22895C(S:V445P) T22896C(S:V445P) G22898A(S:G446S) T22928C(S:F456L) T22942G(S:N460K) G22992A(S:S477N)	20	18109	0.0011044232149759789	22864	22992
A22786C(S:R408S) G22813T(S:K417N) T22882G(S:N440K) G22992A(S:S477N) C22995G(S:T478R) A23013C(S:E484A) T23018C(S:F486P) T23019C(S:F486P) T23031C(S:F490S)	20	3193	0.006263701847792045	22784	23043
A22786C(S:R408S) T22882G(S:N440K) G22895C(S:V445P) T22896C(S:V445P) G22898A(S:G446S)	20	10179	0.0019648295510364478	22782	22915
T22882G(S:N440K) G22895C(S:V445P) T22896C(S:V445P) G22898A(S:G446S) T22928C(S:F456L) T22942G(S:N460K) A23013C(S:E484A) T23018C(S:F486P) T23019C(S:F486P) T23031C(S:F490S) A23055G(S:Q498R) A23063T(S:N501Y) T23075C(S:Y505H)	20	2817	0.007099751508697196	22881	23103
G22895C(S:V445P) T22896C(S:V445P) G22898A(S:G446S) T22930A(S:F456L) T22942G(S:N460K) T23019C T23031C(S:F490S) A23055G(S:Q498R) A23063T(S:N501Y) T23075C(S:Y505H)	20	3225	0.006201550387596899	22887	23115
T22928C(S:F456L) T22942G(S:N460K)	19	38533	0.0004930838502063167	22905	22982
G22895C(S:V445P) T22896C(S:V445P) G22898A(S:G446S) T22930A(S:F456L) T22942G(S:N460K) A23055G(S:Q498R) A23063T(S:N501Y) T23075C(S:Y505H)	19	3225	0.005891472868217054	22887	23115
A22786C(S:R408S) G22813T(S:K417N) T22882G(S:N440K) T22942G(S:N460K) G22992A(S:S477N) C22995G(S:T478R)	19	5945	0.0031959629941127	22784	22999
T22930A(S:F456L) T22942G(S:N460K) G22992A(S:S477N) C22995A(S:T478K) A23055G(S:Q498R) A23063T(S:N501Y) T23075C(S:Y505H)	19	5188	0.0036622976098689285	22910	23115
A22786C(S:R408S) G22813T(S:K417N) A23013C(S:E484A) T23018C(S:F486P) T23019C(S:F486P) T23031C(S:F490S) A23055G(S:Q498R) A23063T(S:N501Y) T23075C(S:Y505H)	19	623	0.030497592295345103	22778	23103
A23203G(S:T547T)	18	31933	0.0005636802054301193	23143	23209
A22786C(S:R408S) G22813T(S:K417N) T22930A(S:F456L) T22942G(S:N460K) G22992A(S:S477N)	18	6090	0.002955665024630542	22778	22992
G22813T(S:K417N) T22882G(S:N440K) G22895C(S:V445P) T22896C(S:V445P) G22898A(S:G446S) T23019C T23031C(S:F490S) A23055G(S:Q498R) A23063T(S:N501Y) T23075C(S:Y505H)	18	1048	0.01717557251908397	22812	23115
T22930A(S:F456L) T22942G(S:N460K) G22992A(S:S477N) C22995A(S:T478K) T23031C(S:F490S) A23055G(S:Q498R) A23063T(S:N501Y) T23075C(S:Y505H)	18	5188	0.003469545104086353	22907	23111
G22895C(S:V445P) T22896C(S:V445P) G22898A(S:G446S) T22928C(S:F456L) T22942G(S:N460K) G22992A(S:S477N) C22995A(S:T478K) A23013C(S:E484A) T23018C(S:F486P) T23019C(S:F486P) T23031C(S:F490S) A23055G(S:Q498R)	18	7054	0.0025517436915225406	22887	23057
G22813T(S:K417N) T22882G(S:N440K) G22895C(S:V445P) T22896C(S:V445P) G22898A(S:G446S) T22942G(S:N460K) G22992A(S:S477N) C22995G(S:T478R) A23013C(S:E484A)	18	6521	0.002760312835454685	22811	23013
T22882G(S:N440K) G22895C(S:V445P) T22896C(S:V445P) G22898A(S:G446S) T22942G(S:N460K) A23013C(S:E484A) T23018C(S:F486P) T23019C(S:F486P) T23031C(S:F490S) A23055G(S:Q498R) A23063T(S:N501Y) T23075C(S:Y505H)	18	2817	0.006389776357827476	22864	23103
T22930A(S:F456L) T22942G(S:N460K) G22992A(S:S477N) C22995A(S:T478K) A23013C(S:E484A) T23018C(S:F486P) T23019C(S:F486P) T23031C(S:F490S) A23055G(S:Q498R)	18	9493	0.0018961339934688718	22926	23057
G22813T(S:K417N) T22882G(S:N440K) T22928C(S:F456L) T22942G(S:N460K) G22992A(S:S477N) C22995G(S:T478R) A23013C(S:E484A) T23018C(S:F486P) T23019C(S:F486P)	18	5929	0.0030359251138471917	22799	23023
G22813T(S:K417N) T22882G(S:N440K) A23013C(S:E484A) T23018C(S:F486P) T23019C(S:F486P) T23031C(S:F490S) A23055G(S:Q498R) A23063T(S:N501Y) T23075C(S:Y505H)	18	1048	0.01717557251908397	22798	23103
G22813T(S:K417N) T22882G(S:N440K) T22930A(S:F456L) T22942G(S:N460K) G22992A(S:S477N) C22995G(S:T478R) A23013C(S:E484A) T23018C(S:F486P) T23019C(S:F486P)	18	5929	0.0030359251138471917	22798	23023
T22930A(S:F456L) T22942G(S:N460K) G22992A(S:S477N) T23019C T23031C(S:F490S) A23055G(S:Q498R) A23063T(S:N501Y) T23075C(S:Y505H)	17	5188	0.0032767925983037778	22898	23115
G22895C(S:V445P) T22896C(S:V445P) G22898A(S:G446S) T22912C(S:N450N) T22942G(S:N460K) G22992A(S:S477N) C22995G(S:T478R) A23013C(S:E484A) T23018C(S:F486P) T23019C(S:F486P)	17	13802	0.0012317055499203014	22887	23023
A22786C(S:R408S) G22813T(S:K417N) T22882G(S:N440K) T22942G(S:N460K) G22992A(S:S477N) C22995G(S:T478R) A23013C(S:E484A) T23018C(S:F486P) T23019C(S:F486P)	17	3709	0.004583445672688056	22784	23023
T22930A(S:F456L) T22942G(S:N460K) G22992A(S:S477N) C22995A(S:T478K) A23013C(S:E484A) A23055G(S:Q498R) A23063T(S:N501Y) T23075C(S:Y505H)	17	5188	0.0032767925983037778	22916	23115
A22786C(S:R408S) G22813T(S:K417N) G22898A(S:G446S) T22942G(S:N460K) G22992A(S:S477N) C22995A(S:T478K)	17	5945	0.002859545836837679	22778	22997
T22882G(S:N440K) G22895C(S:V445P) T22896C(S:V445P) G22898A(S:G446S) T22912C(S:N450N) T22942G(S:N460K) G22992A(S:S477N) C22995G(S:T478R) A23013C(S:E484A)	17	13430	0.0012658227848101266	22881	23013
T22942G(S:N460K) G22992A(S:S477N) C22995G(S:T478R) A23013C(S:E484A) T23018C(S:F486P) T23019C(S:F486P) A23055G(S:Q498R) A23063T(S:N501Y) T23075C(S:Y505H)	16	5956	0.002686366689053056	22935	23115
T22942G(S:N460K) G22992A(S:S477N) C22995A(S:T478K) A23013C(S:E484A) T23018C	16	22194	0.0007209155627647112	22919	23018
A22786C(S:R408S) G22813T(S:K417N) G22895C(S:V445P) T22896C(S:V445P) G22898A(S:G446S)	16	10179	0.0015718636408291581	22782	22914
G22813T(S:K417N) T22882G(S:N440K) T22930A(S:F456L) T22942G(S:N460K) G22992A(S:S477N) C22995A(S:T478K) A23013C(S:E484A) T23018C(S:F486P) T23019C(S:F486P)	16	5929	0.0026986001011975037	22803	23023
T22942G(S:N460K) G22992A(S:S477N) A23013C(S:E484A) T23018C(S:F486P) T23019C(S:F486P) T23031C(S:F490S)	16	18659	0.000857495042606785	22941	23031
T22882G(S:N440K) G22895C(S:V445P) T22896C(S:V445P) G22898A(S:G446S) G22992A(S:S477N) C22995G(S:T478R) A23013C(S:E484A) T23018C(S:F486P) T23019C(S:F486P) T23031C(S:F490S) A23055G(S:Q498R)	16	6220	0.002572347266881029	22856	23057
T22942G(S:N460K) G22992A(S:S477N) C22995A(S:T478K) A23013C(S:E484A) T23018C(S:F486P) T23019C(S:F486P) T23031C(S:F490S) T23042C(S:S494P) A23055G(S:Q498R) A23063T(S:N501Y) T23075C(S:Y505H)	15	5956	0.0025184687709872396	22941	23111
G22813T(S:K417N) T22882G(S:N440K) G22895C(S:V445P) T22896C(S:V445P) G22898A(S:G446S) T22930A(S:F456L) T22942G(S:N460K) G22992A(S:S477N) C22995G(S:T478R) A23013C(S:E484A) T23018C(S:F486P) T23019C(S:F486P)	15	5929	0.0025299375948726597	22811	23023
T22930A(S:F456L) T22942G(S:N460K) G22992A(S:S477N) C22995A(S:T478K) A23013C(S:E484A) T23019C T23031C(S:F490S) A23055G(S:Q498R) A23063T(S:N501Y) T23075C(S:Y505H)	15	5188	0.0028912875867386275	22918	23115
C22686T(S:S375F) A22688G(S:T376A) G22775A(S:D405N)	15	402	0.03731343283582089	22685	22781
A22786C(S:R408S) G22813T(S:K417N) T22912C(S:N450N) T22942G(S:N460K) G22992A(S:S477N)	15	6090	0.0024630541871921183	22778	22992
G22813T(S:K417N) T22882G(S:N440K) G22895C(S:V445P) T22896C(S:V445P) G22898A(S:G446S) T22942G(S:N460K) G22992A(S:S477N)	15	9645	0.0015552099533437014	22811	22992
A22786C(S:R408S) G22813T(S:K417N) T22882G(S:N440K) T22942G(S:N460K) G22992A(S:S477N) C22995G(S:T478R) A23013C(S:E484A)	15	4106	0.003653190452995616	22784	23014
A22786C(S:R408S) G22813T(S:K417N) G22895C(S:V445P) T22896C(S:V445P) G22898A(S:G446S) T22912C(S:N450N) T22942G(S:N460K)	15	8172	0.0018355359765051395	22778	22950
T22882G(S:N440K) G22895C(S:V445P) T22896C(S:V445P) T22942G(S:N460K)	14	25125	0.0005572139303482587	22881	22945
A22786C(S:R408S) G22813T(S:K417N) T22882G(S:N440K) G22898A(S:G446S) T22928C(S:F456L) T22942G(S:N460K) G22992A(S:S477N) C22995A(S:T478K)	14	5945	0.002354920100925147	22784	22997
G22895C(S:V445P) T22896C(S:V445P) G22898A(S:G446S) T22928C(S:F456L) T22942G(S:N460K) G22992A(S:S477N) C22995G(S:T478R)	14	19321	0.0007246001759743285	22887	22997
T22942G(S:N460K) G22992A(S:S477N) A23013C(S:E484A) T23018C(S:F486P) T23019C(S:F486P) T23031C(S:F490S) A23055G(S:Q498R) A23063T(S:N501Y) T23075C(S:Y505H)	14	5956	0.0023505708529214238	22941	23103
T22930A(S:F456L) T22942G(S:N460K)	14	38614	0.0003625628010566116	22903	22978
A22786C(S:R408S) G22813T(S:K417N) T22942G(S:N460K) G22992A(S:S477N) C22995A(S:T478K)	14	5945	0.002354920100925147	22778	22998
T22882G(S:N440K) G22895C G22898A(S:G446S) T22942G(S:N460K)	14	25125	0.0005572139303482587	22871	22943
T22882G(S:N440K) G22895C(S:V445P) T22896C(S:V445P) G22898A(S:G446S) (22914,'C')(S:INS452)	14	28863	0.00048505006409590133	22819	22920
T22882G(S:N440K) G22895C G22898A(S:G446S)	14	29447	0.0004754304343396611	22857	22917
C23121T(S:A520V)	14	20222	0.0006923153001681337	23120	23195
G22895C(S:V445P) T22896C(S:V445P) G22898A(S:G446S) T22912C(S:N450N) T22942G(S:N460K) T23031C(S:F490S) A23055G(S:Q498R) A23063T(S:N501Y) T23075C(S:Y505H)	14	3225	0.004341085271317829	22887	23111
T22882G(S:N440K) G22895C(S:V445P) T22896C(S:V445P) G22898A(S:G446S) T22930A(S:F456L) T22942G(S:N460K) A23013C(S:E484A) T23018C(S:F486P) T23019C(S:F486P) T23031C(S:F490S) A23055G(S:Q498R) A23063T(S:N501Y) T23075C(S:Y505H)	14	2817	0.004969826056088037	22881	23103
T22930A(S:F456L) T22942G(S:N460K) G22992A(S:S477N) C22995A(S:T478K) A23013C(S:E484A) T23018C T23031C(S:F490S) A23055G(S:Q498R) A23063T(S:N501Y) T23075C(S:Y505H)	14	5188	0.0026985350809560524	22917	23111
T22930A(S:F456L) T22942G(S:N460K) G22992A(S:S477N) C22995A(S:T478K) A23013C(S:E484A) T23018C A23055G(S:Q498R) A23063T(S:N501Y) T23075C(S:Y505H)	13	5188	0.0025057825751734772	22917	23115
C22674T(S:S371F) T22679C(S:S373P) C22686T(S:S375F) A22688G(S:T376A) G22775A(S:D405N) A22786C(S:R408S) G22813T(S:K417N)	13	208	0.0625	22671	22828
G22599C(S:R346T) C22664A(S:L368I) C22674T(S:S371F) T22679C(S:S373P) C22686T(S:S375F) A22688G(S:T376A) G22775A(S:D405N) A22786C(S:R408S) G22813T(S:K417N)	13	97	0.13402061855670103	22598	22814
T22942G(S:N460K)	13	41554	0.0003128459354093469	22907	22984
G22895C(S:V445P) T22896C(S:V445P) G22898A(S:G446S) T22912C(S:N450N) T22942G(S:N460K) G22992A(S:S477N) C22995G(S:T478R)	13	19321	0.0006728430205475907	22886	22997
T22912C(S:N450N) T22930A(S:F456L) T22942G(S:N460K) G22992A(S:S477N) C22995A(S:T478K)	13	24058	0.0005403607947460304	22907	23008
T22928C(S:F456L) T22942G(S:N460K) G22992A(S:S477N) C22995G(S:T478R) A23013C(S:E484A) A23055G(S:Q498R) A23063T(S:N501Y) T23075C(S:Y505H)	13	5180	0.0025096525096525097	22916	23115
G22895C(S:V445P) T22896C(S:V445P) G22898A(S:G446S) T22930A(S:F456L) T22942G(S:N460K) G22992A(S:S477N) C22995A(S:T478K) A23013C(S:E484A)	13	14851	0.000875361928489664	22887	23013
T22942G(S:N460K) G22992A(S:S477N) A23013C(S:E484A) T23018C	13	22194	0.0005857438947463278	22924	23018
T22882G(S:N440K) G22895C(S:V445P) T22896C(S:V445P) G22898A(S:G446S) T22942G(S:N460K) G22992A(S:S477N) C22995A(S:T478K) A23013C(S:E484A) T23018C(S:F486P) T23019C(S:F486P)	13	12452	0.0010440089945390298	22856	23023
A22786C(S:R408S) G22813T(S:K417N) T22882G(S:N440K) G22992A(S:S477N) C22995A(S:T478K) A23013C(S:E484A) T23018C(S:F486P) T23019C(S:F486P) T23031C(S:F490S)	13	3193	0.004071406201064829	22784	23041
T22928C(S:F456L) T22942G(S:N460K) G22992A(S:S477N) C22995G(S:T478R) A23013C(S:E484A) T23018C(S:F486P) T23019C(S:F486P) T23031C(S:F490S) A23055G(S:Q498R)	13	9482	0.0013710187724108838	22922	23056
T22912C(S:N450N) T22942G(S:N460K) G22992A(S:S477N) C22995G(S:T478R) A23013C(S:E484A) T23018C(S:F486P) T23019C(S:F486P) T23031C(S:F490S) A23055G(S:Q498R)	13	8277	0.0015706173734444848	22907	23056
A22786C(S:R408S) G22813T(S:K417N) T22882G(S:N440K) A23055G(S:Q498R) A23063T(S:N501Y) T23075C(S:Y505H)	13	623	0.02086677367576244	22784	23115
G22813T(S:K417N) T22882G(S:N440K) T22942G(S:N460K) G22992A(S:S477N) C22995A(S:T478K) A23013C(S:E484A) T23018C(S:F486P) T23019C(S:F486P)	13	5929	0.0021926125822229717	22808	23023
T22930A(S:F456L) T22942G(S:N460K) G22992A(S:S477N) C22995G(S:T478R) A23055G(S:Q498R) A23063T(S:N501Y) T23075C(S:Y505H)	12	5188	0.002313030069390902	22907	23115
G23211A(S:G550D)	12	27207	0.0004410629617377881	23148	23211
G22577C(S:G339H) G22578A(S:G339H)	12	762	0.015748031496062992	22498	22590
T22930A(S:F456L) T22942G(S:N460K) G22992A(S:S477N) C22995G(S:T478R) A23013C(S:E484A) T23018C T23031C(S:F490S) A23055G(S:Q498R) A23063T(S:N501Y) T23075C(S:Y505H)	12	5188	0.002313030069390902	22917	23111
T22882G(S:N440K) G22895C(S:V445P) T22896C(S:V445P) G22898A(S:G446S) T22928C(S:F456L) G22992A(S:S477N) C22995A(S:T478K) A23013C(S:E484A) T23018C(S:F486P) T23019C(S:F486P) T23031C(S:F490S) A23055G(S:Q498R) A23063T(S:N501Y)	12	5530	0.00216998191681736	22856	23067
G22813T(S:K417N) T22882G(S:N440K) T22930A(S:F456L) T22942G(S:N460K) G22992A(S:S477N)	12	9645	0.001244167962674961	22803	22992
G22813T(S:K417N) T22882G(S:N440K) T22930A(S:F456L) T22942G(S:N460K) G22992A(S:S477N) C22995A(S:T478K) A23013C(S:E484A)	12	6521	0.0018402085569697898	22794	23014
T22882G(S:N440K) G22895C(S:V445P) T22896C(S:V445P) G22898A(S:G446S) T22930A(S:F456L) T22942G(S:N460K) G22992A(S:S477N)	12	18109	0.0006626539289855873	22881	22992
A22786C(S:R408S) G22813T(S:K417N) T22882G(S:N440K) G22898A(S:G446S) T22928C(S:F456L) T22942G(S:N460K) G22992A(S:S477N) C22995G(S:T478R)	12	5945	0.002018502943650126	22784	22997
T22942G(S:N460K) G22992A(S:S477N) C22995G(S:T478R) T23018C(S:F486P) T23019C(S:F486P) T23031C(S:F490S)	12	18659	0.0006431212819550887	22941	23034
T22882G(S:N440K) T22896C G22898A(S:G446S) T22942G(S:N460K)	12	25125	0.0004776119402985075	22881	22943
G22992A(S:S477N) C22995A(S:T478K) A23013C(S:E484A) T23018C(S:F486P) T23019C(S:F486P) T23031C(S:F490S) T23042C(S:S494P)	12	15344	0.0007820646506777894	22948	23042
G22813T(S:K417N) T22882G(S:N440K) G22895C(S:V445P) T22896C(S:V445P) G22898A(S:G446S) G22992A(S:S477N) C22995G(S:T478R) A23013C(S:E484A) T23018C(S:F486P) T23019C(S:F486P) T23031C(S:F490S) A23055G(S:Q498R)	12	2653	0.004523181304183943	22811	23056
T22882G(S:N440K) G22895C(S:V445P) T22896C(S:V445P) G22898A(S:G446S) G22992A(S:S477N) C22995A(S:T478K) A23013C(S:E484A) T23018C(S:F486P) T23019C(S:F486P) T23031C(S:F490S) A23055G(S:Q498R)	12	6220	0.0019292604501607716	22839	23056
T22882G(S:N440K) T22896C G22898A(S:G446S)	12	29447	0.00040751180086256663	22856	22914
T22882G(S:N440K) G22895C(S:V445P) T22896C(S:V445P) G22898A(S:G446S) T22912C(S:N450N) T22942G(S:N460K) A23013C(S:E484A) T23018C(S:F486P) T23019C(S:F486P) T23031C(S:F490S) A23055G(S:Q498R) A23063T(S:N501Y) T23075C(S:Y505H)	12	2817	0.004259850905218318	22881	23103
G22577C(S:G339H) G22578A(S:G339H) G22599C(S:R346T) C22664A(S:L368I) G22775A(S:D405N) A22786C(S:R408S) G22813T(S:K417N)	12	65	0.18461538461538463	22571	22814
G22895C(S:V445P) T22896C(S:V445P) G22898A(S:G446S) T22912C(S:N450N) T22942G(S:N460K) T23019C T23031C(S:F490S) A23055G(S:Q498R) A23063T(S:N501Y) T23075C(S:Y505H)	12	3225	0.0037209302325581397	22887	23115
T22912C(S:N450N) T22942G(S:N460K) G22992A(S:S477N) T23019C T23031C(S:F490S) A23055G(S:Q498R) A23063T(S:N501Y) T23075C(S:Y505H)	12	4187	0.002866013852400287	22907	23115
T22882G(S:N440K) G22895C(S:V445P) T22896C(S:V445P) G22898A(S:G446S) T22928C(S:F456L) T23031C(S:F490S) A23055G(S:Q498R) A23063T(S:N501Y) T23075C(S:Y505H)	12	2817	0.004259850905218318	22856	23111
T22942G(S:N460K) G22992A(S:S477N) A23013C(S:E484A)	12	24854	0.00048281966685442986	22916	23013
G22813T(S:K417N) T22882G(S:N440K) G22895C(S:V445P) T22896C(S:V445P) G22898A(S:G446S) T22930A(S:F456L) T22942G(S:N460K) G22992A(S:S477N) C22995G(S:T478R) A23013C(S:E484A)	11	6521	0.001686857843888974	22811	23013
T22882G(S:N440K)	11	32416	0.0003393385982230997	22809	22890
A23209G(S:T549T)	11	27750	0.00039639639639639637	23148	23211
T22930A(S:F456L) T22942G(S:N460K) G22992A(S:S477N) C22995A(S:T478K) A23013C(S:E484A) T23018C(S:F486P) T23019C(S:F486P) A23055G(S:Q498R) A23063T(S:N501Y) T23075C(S:Y505H)	11	5188	0.002120277563608327	22927	23115
A22786C(S:R408S) G22813T(S:K417N) T22882G(S:N440K) G22898A(S:G446S) T22912C(S:N450N) T22942G(S:N460K) G22992A(S:S477N) C22995G(S:T478R)	11	5945	0.0018502943650126156	22784	22997
G22813T(S:K417N) T22882G(S:N440K) G22898A(S:G446S) T22942G(S:N460K) G22992A(S:S477N) C22995A(S:T478K)	11	9401	0.001170088288479949	22803	22997
G22813T(S:K417N) T22882G(S:N440K) G22895C(S:V445P) T22896C(S:V445P) G22898A(S:G446S) T22928C(S:F456L) T22942G(S:N460K) G22992A(S:S477N) C22995A(S:T478K) A23013C(S:E484A)	11	6521	0.001686857843888974	22811	23014
A23063T(S:N501Y) T23075C(S:Y505H)	11	8798	0.0012502841554898842	23061	23115
G22813T(S:K417N) T22882G(S:N440K) T22930A(S:F456L) T22942G(S:N460K) G22992A(S:S477N) C22995G(S:T478R) A23013C(S:E484A)	11	6521	0.001686857843888974	22798	23015
G22895C(S:V445P) T22896C(S:V445P) G22898A(S:G446S) T22930A(S:F456L) T22942G(S:N460K) G22992A(S:S477N) C22995A(S:T478K) A23013C(S:E484A) T23018C(S:F486P) T23019C(S:F486P)	11	13802	0.0007969859440660774	22887	23023
T22942G(S:N460K) G22992A(S:S477N) C22995G(S:T478R) A23013C(S:E484A) T23018C T23031C(S:F490S)	11	18659	0.0005895278417921647	22941	23031
T22942G(S:N460K) C22995G(S:T478R) A23013C(S:E484A) T23018C(S:F486P) T23019C(S:F486P) T23031C(S:F490S)	11	18659	0.0005895278417921647	22941	23031
T23031C(S:F490S) T23042C(S:S494P) A23055G(S:Q498R) A23063T(S:N501Y) T23075C(S:Y505H)	11	8665	0.0012694748990190422	23029	23115
T22928C(S:F456L) T22942G(S:N460K) G22992A(S:S477N) C22995G(S:T478R) T23019C T23031C(S:F490S) A23055G(S:Q498R) A23063T(S:N501Y) T23075C(S:Y505H)	11	5180	0.0021235521235521237	22914	23115
T22928C(S:F456L) T22942G(S:N460K) G22992A(S:S477N) C22995G(S:T478R) A23013C(S:E484A) T23018C T23031C(S:F490S) A23055G(S:Q498R) A23063T(S:N501Y) T23075C(S:Y505H)	10	5180	0.0019305019305019305	22917	23111
T23212C(S:G550G)	10	23200	0.0004310344827586207	23156	23220
G22577C(S:G339H) G22578A(S:G339H) G22775A(S:D405N) A22786C(S:R408S)	10	104	0.09615384615384616	22498	22791
T22882G(S:N440K) G22895C(S:V445P) T22896C(S:V445P) G22898A(S:G446S) T22912C(S:N450N) G22992A(S:S477N) C22995G(S:T478R) A23013C(S:E484A) T23018C(S:F486P) T23019C(S:F486P) T23031C(S:F490S) A23055G(S:Q498R) A23063T(S:N501Y)	10	5530	0.0018083182640144665	22839	23067
G23120A(S:A520T)	10	19381	0.0005159692482328053	23119	23196
T22882G(S:N440K) G22895C(S:V445P) T22896C(S:V445P) G22898A(S:G446S) T22942G(S:N460K) G22992A(S:S477N) C22995A(S:T478K) A23013C(S:E484A) T23018C(S:F486P) T23019C(S:F486P) T23031C(S:F490S) T23042C(S:S494P)	10	8201	0.0012193634922570418	22881	23042
G23126A(S:A522T)	10	23174	0.00043151808060757745	23124	23195
T22882G(S:N440K) G22895C(S:V445P) T22896C(S:V445P)	10	29447	0.0003395931673854722	22844	22920
G22813T(S:K417N) T22882G(S:N440K) T22928C(S:F456L) T22942G(S:N460K) G22992A(S:S477N) C22995G(S:T478R) A23013C(S:E484A)	10	6521	0.0015335071308081583	22798	23015
A22786C(S:R408S) T22882G(S:N440K) G22895C(S:V445P) T22896C(S:V445P) G22898A(S:G446S) T22942G(S:N460K)	10	8172	0.0012236906510034262	22778	22943
T22930A(S:F456L) T22942G(S:N460K) G22992A(S:S477N) C22995G(S:T478R) A23013C(S:E484A) T23018C(S:F486P) T23019C(S:F486P) A23055G(S:Q498R) A23063T(S:N501Y) T23075C(S:Y505H)	10	5188	0.0019275250578257518	22929	23115
G22898A(S:G446S) T22942G(S:N460K) G22992A(S:S477N) C22995A(S:T478K)	10	20792	0.00048095421315890726	22897	22997
T22912C(S:N450N) T22928C(S:F456L) T22942G(S:N460K) G22992A(S:S477N) C22995A(S:T478K) A23013C(S:E484A) T23018C(S:F486P) T23019C(S:F486P) T23031C(S:F490S)	10	13985	0.0007150518412584912	22907	23031
T23257C(S:F565F)	10	36	0.2777777777777778	23156	23257
