REGION	POS	REF	ALT	REF_DP	REF_RV	REF_QUAL	ALT_DP	ALT_RV	ALT_QUAL	ALT_FREQ	TOTAL_DP	PVAL	PASS	GFF_FEATURE	REF_CODON	REF_AA	ALT_CODON	ALT_AA	POS_AA
NC_045512.2	177	T	A	3	0	49	1	0	37	0.25	4	0.571429	FALSE	NA	NA	NA	NA	NA	NA
NC_045512.2	179	T	G	3	0	57	1	0	25	0.25	4	0.571429	FALSE	NA	NA	NA	NA	NA	NA
NC_045512.2	241	C	T	0	0	0	3	0	53	1	3	0.1	FALSE	NA	NA	NA	NA	NA	NA
NC_045512.2	324	T	A	226	2	36	1	0	37	0.00440529	227	0.501104	FALSE	ORF1ab:cds-YP_009724389.1	GTT	V	GAT	D	20
NC_045512.2	324	T	A	226	2	36	1	0	37	0.00440529	227	0.501104	FALSE	ORF1ab:cds-YP_009725295.1	GTT	V	GAT	D	20
NC_045512.2	327	T	A	231	2	36	1	0	25	0.00431034	232	0.876618	FALSE	ORF1ab:cds-YP_009724389.1	TTA	L	TAA	*	21
NC_045512.2	327	T	A	231	2	36	1	0	25	0.00431034	232	0.876618	FALSE	ORF1ab:cds-YP_009725295.1	TTA	L	TAA	*	21
NC_045512.2	344	C	T	200	2	36	34	0	36	0.145299	234	1.72364e-11	TRUE	ORF1ab:cds-YP_009724389.1	CTC	L	TTC	F	27
NC_045512.2	344	C	T	200	2	36	34	0	36	0.145299	234	1.72364e-11	TRUE	ORF1ab:cds-YP_009725295.1	CTC	L	TTC	F	27
NC_045512.2	400	T	G	223	2	36	1	0	37	0.00446429	224	0.501119	FALSE	ORF1ab:cds-YP_009724389.1	CAT	H	CAG	Q	45
NC_045512.2	400	T	G	223	2	36	1	0	37	0.00446429	224	0.501119	FALSE	ORF1ab:cds-YP_009725295.1	CAT	H	CAG	Q	45
NC_045512.2	432	T	C	226	0	36	1	0	37	0.00440529	227	0.501104	FALSE	ORF1ab:cds-YP_009724389.1	GTT	V	GCT	A	56
NC_045512.2	432	T	C	226	0	36	1	0	37	0.00440529	227	0.501104	FALSE	ORF1ab:cds-YP_009725295.1	GTT	V	GCT	A	56
NC_045512.2	435	A	T	231	0	36	1	0	25	0.00431034	232	0.876618	FALSE	ORF1ab:cds-YP_009724389.1	GAA	E	GTA	V	57
NC_045512.2	435	A	T	231	0	36	1	0	25	0.00431034	232	0.876618	FALSE	ORF1ab:cds-YP_009725295.1	GAA	E	GTA	V	57
NC_045512.2	439	A	G	214	0	35	2	0	37	0.00925926	216	0.25058	FALSE	ORF1ab:cds-YP_009724389.1	AAA	K	AAG	K	58
NC_045512.2	439	A	G	214	0	35	2	0	37	0.00925926	216	0.25058	FALSE	ORF1ab:cds-YP_009725295.1	AAA	K	AAG	K	58
NC_045512.2	444	T	G	217	0	36	1	0	25	0.00458716	218	0.876722	FALSE	ORF1ab:cds-YP_009724389.1	GTT	V	GGT	G	60
NC_045512.2	444	T	G	217	0	36	1	0	25	0.00458716	218	0.876722	FALSE	ORF1ab:cds-YP_009725295.1	GTT	V	GGT	G	60
NC_045512.2	465	C	G	227	19	40	1	0	25	0.00438596	228	0.876647	FALSE	ORF1ab:cds-YP_009724389.1	CCC	P	CGC	R	67
NC_045512.2	465	C	G	227	19	40	1	0	25	0.00438596	228	0.876647	FALSE	ORF1ab:cds-YP_009725295.1	CCC	P	CGC	R	67
NC_045512.2	468	A	C	216	17	39	2	0	31	0.00917431	218	0.250575	FALSE	ORF1ab:cds-YP_009724389.1	TAT	Y	TCT	S	68
NC_045512.2	468	A	C	216	17	39	2	0	31	0.00917431	218	0.250575	FALSE	ORF1ab:cds-YP_009725295.1	TAT	Y	TCT	S	68
NC_045512.2	473	T	A	224	19	40	1	0	37	0.00444444	225	0.501114	FALSE	ORF1ab:cds-YP_009724389.1	TTC	F	ATC	I	70
NC_045512.2	473	T	A	224	19	40	1	0	37	0.00444444	225	0.501114	FALSE	ORF1ab:cds-YP_009725295.1	TTC	F	ATC	I	70
NC_045512.2	476	A	C	233	119	65	1	1	20	0.0042735	234	0.876604	FALSE	ORF1ab:cds-YP_009724389.1	ATC	I	CTC	L	71
NC_045512.2	476	A	C	233	119	65	1	1	20	0.0042735	234	0.876604	FALSE	ORF1ab:cds-YP_009725295.1	ATC	I	CTC	L	71
NC_045512.2	477	T	G	234	119	65	1	1	20	0.00425532	235	0.876597	FALSE	ORF1ab:cds-YP_009724389.1	ATC	I	AGC	S	71
NC_045512.2	477	T	G	234	119	65	1	1	20	0.00425532	235	0.876597	FALSE	ORF1ab:cds-YP_009725295.1	ATC	I	AGC	S	71
NC_045512.2	481	A	C	231	116	65	1	1	29	0.00431034	232	0.876618	FALSE	ORF1ab:cds-YP_009724389.1	AAA	K	AAC	N	72
NC_045512.2	481	A	C	231	116	65	1	1	29	0.00431034	232	0.876618	FALSE	ORF1ab:cds-YP_009725295.1	AAA	K	AAC	N	72
NC_045512.2	484	T	G	230	112	62	1	1	29	0.004329	231	0.876625	FALSE	ORF1ab:cds-YP_009724389.1	CGT	R	CGG	R	73
NC_045512.2	484	T	G	230	112	62	1	1	29	0.004329	231	0.876625	FALSE	ORF1ab:cds-YP_009725295.1	CGT	R	CGG	R	73
NC_045512.2	489	A	C	232	119	67	1	1	20	0.00429185	233	0.876611	FALSE	ORF1ab:cds-YP_009724389.1	GAT	D	GCT	A	75
NC_045512.2	489	A	C	232	119	67	1	1	20	0.00429185	233	0.876611	FALSE	ORF1ab:cds-YP_009725295.1	GAT	D	GCT	A	75
NC_045512.2	506	C	-ATGGTCATGTTATGG	236	121	68	1	0	20	0.00423729	236	0.877375	FALSE	NA	NA	NA	NA	NA	NA
NC_045512.2	507	A	-TGGTCATGTTATGGT	233	117	59	35	0	20	0.150215	233	1.92458e-08	TRUE	NA	NA	NA	NA	NA	NA
NC_045512.2	508	T	A	198	100	62	1	1	29	0.00502513	199	0.844967	FALSE	ORF1ab:cds-YP_009724389.1	CAT	H	CAA	Q	81
NC_045512.2	508	T	A	198	100	62	1	1	29	0.00502513	199	0.844967	FALSE	ORF1ab:cds-YP_009725295.1	CAT	H	CAA	Q	81
NC_045512.2	514	T	G	201	104	62	1	0	29	0.0049505	202	0.84541	FALSE	ORF1ab:cds-YP_009724389.1	CAT	H	CAG	Q	83
NC_045512.2	514	T	G	201	104	62	1	0	29	0.0049505	202	0.84541	FALSE	ORF1ab:cds-YP_009725295.1	CAT	H	CAG	Q	83
NC_045512.2	522	T	G	196	100	65	2	0	23	0.010101	198	0.628433	FALSE	ORF1ab:cds-YP_009724389.1	GTT	V	GGT	G	86
NC_045512.2	522	T	G	196	100	65	2	0	23	0.010101	198	0.628433	FALSE	ORF1ab:cds-YP_009725295.1	GTT	V	GGT	G	86
NC_045512.2	528	T	C	234	123	67	1	0	36	0.00425532	235	0.501066	FALSE	ORF1ab:cds-YP_009724389.1	CTG	L	CCG	P	88
NC_045512.2	528	T	C	234	123	67	1	0	36	0.00425532	235	0.501066	FALSE	ORF1ab:cds-YP_009725295.1	CTG	L	CCG	P	88
NC_045512.2	529	G	T	233	122	70	2	2	25	0.00851064	235	0.689905	FALSE	ORF1ab:cds-YP_009724389.1	CTG	L	CTT	L	88
NC_045512.2	529	G	T	233	122	70	2	2	25	0.00851064	235	0.689905	FALSE	ORF1ab:cds-YP_009725295.1	CTG	L	CTT	L	88
NC_045512.2	535	A	G	234	125	66	1	0	29	0.00425532	235	0.876597	FALSE	ORF1ab:cds-YP_009724389.1	GCA	A	GCG	A	90
NC_045512.2	535	A	G	234	125	66	1	0	29	0.00425532	235	0.876597	FALSE	ORF1ab:cds-YP_009725295.1	GCA	A	GCG	A	90
NC_045512.2	536	G	-A	237	126	68	1	0	20	0.00421941	237	0.877365	FALSE	NA	NA	NA	NA	NA	NA
NC_045512.2	540	T	A	237	127	68	1	1	29	0.00420168	238	0.876577	FALSE	ORF1ab:cds-YP_009724389.1	CTC	L	CAC	H	92
NC_045512.2	540	T	A	237	127	68	1	1	29	0.00420168	238	0.876577	FALSE	ORF1ab:cds-YP_009725295.1	CTC	L	CAC	H	92
NC_045512.2	543	A	T	230	122	68	3	3	26	0.0128755	233	0.502025	FALSE	ORF1ab:cds-YP_009724389.1	GAA	E	GTA	V	93
NC_045512.2	543	A	T	230	122	68	3	3	26	0.0128755	233	0.502025	FALSE	ORF1ab:cds-YP_009725295.1	GAA	E	GTA	V	93
NC_045512.2	549	T	G	231	126	63	2	1	24	0.00858369	233	0.689925	FALSE	ORF1ab:cds-YP_009724389.1	ATT	I	AGT	S	95
NC_045512.2	549	T	G	231	126	63	2	1	24	0.00858369	233	0.689925	FALSE	ORF1ab:cds-YP_009725295.1	ATT	I	AGT	S	95
NC_045512.2	550	T	A	235	126	69	1	0	29	0.00423729	236	0.876591	FALSE	ORF1ab:cds-YP_009724389.1	ATT	I	ATA	I	95
NC_045512.2	550	T	A	235	126	69	1	0	29	0.00423729	236	0.876591	FALSE	ORF1ab:cds-YP_009725295.1	ATT	I	ATA	I	95
NC_045512.2	554	T	G	234	123	68	1	1	37	0.00423729	236	0.5	FALSE	ORF1ab:cds-YP_009724389.1	TAC	Y	GAC	D	97
NC_045512.2	554	T	G	234	123	68	1	1	37	0.00423729	236	0.5	FALSE	ORF1ab:cds-YP_009725295.1	TAC	Y	GAC	D	97
NC_045512.2	554	T	A	234	123	68	1	1	29	0.00423729	236	0.8758	FALSE	ORF1ab:cds-YP_009724389.1	TAC	Y	AAC	N	97
NC_045512.2	554	T	A	234	123	68	1	1	29	0.00423729	236	0.8758	FALSE	ORF1ab:cds-YP_009725295.1	TAC	Y	AAC	N	97
NC_045512.2	555	A	T	236	126	66	1	1	25	0.00421941	237	0.876584	FALSE	ORF1ab:cds-YP_009724389.1	TAC	Y	TTC	F	97
NC_045512.2	555	A	T	236	126	66	1	1	25	0.00421941	237	0.876584	FALSE	ORF1ab:cds-YP_009725295.1	TAC	Y	TTC	F	97
NC_045512.2	556	C	A	236	127	68	1	1	20	0.00421941	237	0.876584	FALSE	ORF1ab:cds-YP_009724389.1	TAC	Y	TAA	*	97
NC_045512.2	556	C	A	236	127	68	1	1	20	0.00421941	237	0.876584	FALSE	ORF1ab:cds-YP_009725295.1	TAC	Y	TAA	*	97
NC_045512.2	568	T	A	235	125	65	1	1	29	0.00423729	236	0.876591	FALSE	ORF1ab:cds-YP_009724389.1	GGT	G	GGA	G	101
NC_045512.2	568	T	A	235	125	65	1	1	29	0.00423729	236	0.876591	FALSE	ORF1ab:cds-YP_009725295.1	GGT	G	GGA	G	101
NC_045512.2	570	A	C	237	129	68	1	1	29	0.00420168	238	0.876577	FALSE	ORF1ab:cds-YP_009724389.1	GAG	E	GCG	A	102
NC_045512.2	570	A	C	237	129	68	1	1	29	0.00420168	238	0.876577	FALSE	ORF1ab:cds-YP_009725295.1	GAG	E	GCG	A	102
NC_045512.2	577	T	G	231	218	40	1	1	25	0.00431034	232	0.876618	FALSE	ORF1ab:cds-YP_009724389.1	CTT	L	CTG	L	104
NC_045512.2	577	T	G	231	218	40	1	1	25	0.00431034	232	0.876618	FALSE	ORF1ab:cds-YP_009725295.1	CTT	L	CTG	L	104
NC_045512.2	580	T	G	225	212	41	1	1	25	0.00442478	226	0.876661	FALSE	ORF1ab:cds-YP_009724389.1	GGT	G	GGG	G	105
NC_045512.2	580	T	G	225	212	41	1	1	25	0.00442478	226	0.876661	FALSE	ORF1ab:cds-YP_009725295.1	GGT	G	GGG	G	105
NC_045512.2	583	C	T	217	203	41	15	15	37	0.0646552	232	2.49664e-05	TRUE	ORF1ab:cds-YP_009724389.1	GTC	V	GTT	V	106
NC_045512.2	583	C	T	217	203	41	15	15	37	0.0646552	232	2.49664e-05	TRUE	ORF1ab:cds-YP_009725295.1	GTC	V	GTT	V	106
NC_045512.2	585	T	G	230	217	40	1	1	37	0.004329	231	0.501085	FALSE	ORF1ab:cds-YP_009724389.1	CTT	L	CGT	R	107
NC_045512.2	585	T	G	230	217	40	1	1	37	0.004329	231	0.501085	FALSE	ORF1ab:cds-YP_009725295.1	CTT	L	CGT	R	107
NC_045512.2	594	A	T	209	209	35	1	1	25	0.00473934	211	0.875895	FALSE	ORF1ab:cds-YP_009724389.1	CAT	H	CTT	L	110
NC_045512.2	594	A	T	209	209	35	1	1	25	0.00473934	211	0.875895	FALSE	ORF1ab:cds-YP_009725295.1	CAT	H	CTT	L	110
NC_045512.2	594	A	C	209	209	35	1	1	25	0.00473934	211	0.875895	FALSE	ORF1ab:cds-YP_009724389.1	CAT	H	CCT	P	110
NC_045512.2	594	A	C	209	209	35	1	1	25	0.00473934	211	0.875895	FALSE	ORF1ab:cds-YP_009725295.1	CAT	H	CCT	P	110
NC_045512.2	595	T	A	228	228	35	1	1	25	0.00436681	229	0.876639	FALSE	ORF1ab:cds-YP_009724389.1	CAT	H	CAA	Q	110
NC_045512.2	595	T	A	228	228	35	1	1	25	0.00436681	229	0.876639	FALSE	ORF1ab:cds-YP_009725295.1	CAT	H	CAA	Q	110
NC_045512.2	603	A	C	230	230	36	1	1	25	0.004329	231	0.876625	FALSE	ORF1ab:cds-YP_009724389.1	GAA	E	GCA	A	113
NC_045512.2	603	A	C	230	230	36	1	1	25	0.004329	231	0.876625	FALSE	ORF1ab:cds-YP_009725295.1	GAA	E	GCA	A	113
NC_045512.2	606	T	G	222	222	35	1	1	25	0.0044843	223	0.876683	FALSE	ORF1ab:cds-YP_009724389.1	ATA	I	AGA	R	114
NC_045512.2	606	T	G	222	222	35	1	1	25	0.0044843	223	0.876683	FALSE	ORF1ab:cds-YP_009725295.1	ATA	I	AGA	R	114
NC_045512.2	607	A	C	227	227	36	1	1	37	0.00438596	228	0.501099	FALSE	ORF1ab:cds-YP_009724389.1	ATA	I	ATC	I	114
NC_045512.2	607	A	C	227	227	36	1	1	37	0.00438596	228	0.501099	FALSE	ORF1ab:cds-YP_009725295.1	ATA	I	ATC	I	114
NC_045512.2	610	A	T	228	228	36	1	1	25	0.00436681	229	0.876639	FALSE	ORF1ab:cds-YP_009724389.1	CCA	P	CCT	P	115
NC_045512.2	610	A	T	228	228	36	1	1	25	0.00436681	229	0.876639	FALSE	ORF1ab:cds-YP_009725295.1	CCA	P	CCT	P	115
NC_045512.2	611	G	C	231	231	36	2	2	37	0.00858369	233	0.250538	FALSE	ORF1ab:cds-YP_009724389.1	GTG	V	CTG	L	116
NC_045512.2	611	G	C	231	231	36	2	2	37	0.00858369	233	0.250538	FALSE	ORF1ab:cds-YP_009725295.1	GTG	V	CTG	L	116
NC_045512.2	613	G	C	235	235	36	1	1	37	0.00423729	236	0.501062	FALSE	ORF1ab:cds-YP_009724389.1	GTG	V	GTC	V	116
NC_045512.2	613	G	C	235	235	36	1	1	37	0.00423729	236	0.501062	FALSE	ORF1ab:cds-YP_009725295.1	GTG	V	GTC	V	116
NC_045512.2	617	T	G	233	233	36	1	1	25	0.0042735	234	0.876604	FALSE	ORF1ab:cds-YP_009724389.1	TAC	Y	GAC	D	118
NC_045512.2	617	T	G	233	233	36	1	1	25	0.0042735	234	0.876604	FALSE	ORF1ab:cds-YP_009725295.1	TAC	Y	GAC	D	118
NC_045512.2	620	C	A	234	234	36	1	1	37	0.00425532	235	0.501066	FALSE	ORF1ab:cds-YP_009724389.1	CGC	R	AGC	S	119
NC_045512.2	620	C	A	234	234	36	1	1	37	0.00425532	235	0.501066	FALSE	ORF1ab:cds-YP_009725295.1	CGC	R	AGC	S	119
NC_045512.2	640	G	T	231	231	36	1	1	25	0.00431034	232	0.876618	FALSE	ORF1ab:cds-YP_009724389.1	AAG	K	AAT	N	125
NC_045512.2	640	G	T	231	231	36	1	1	25	0.00431034	232	0.876618	FALSE	ORF1ab:cds-YP_009725295.1	AAG	K	AAT	N	125
NC_045512.2	641	A	C	232	232	36	1	1	25	0.00429185	233	0.876611	FALSE	ORF1ab:cds-YP_009724389.1	AAC	N	CAC	H	126
NC_045512.2	641	A	C	232	232	36	1	1	25	0.00429185	233	0.876611	FALSE	ORF1ab:cds-YP_009725295.1	AAC	N	CAC	H	126
NC_045512.2	666	A	G	234	234	36	1	1	37	0.00425532	235	0.501066	FALSE	ORF1ab:cds-YP_009724389.1	CAT	H	CGT	R	134
NC_045512.2	666	A	G	234	234	36	1	1	37	0.00425532	235	0.501066	FALSE	ORF1ab:cds-YP_009725295.1	CAT	H	CGT	R	134
NC_045512.2	713	G	A	232	232	36	1	1	25	0.00429185	233	0.876611	FALSE	ORF1ab:cds-YP_009724389.1	GGC	G	AGC	S	150
NC_045512.2	713	G	A	232	232	36	1	1	25	0.00429185	233	0.876611	FALSE	ORF1ab:cds-YP_009725295.1	GGC	G	AGC	S	150
NC_045512.2	716	A	+C	234	234	36	1	0	20	0.0042735	234	0.877395	FALSE	NA	NA	NA	NA	NA	NA
NC_045512.2	725	T	A	231	231	36	1	1	37	0.00431034	232	0.50108	FALSE	ORF1ab:cds-YP_009724389.1	TAT	Y	AAT	N	154
NC_045512.2	725	T	A	231	231	36	1	1	37	0.00431034	232	0.50108	FALSE	ORF1ab:cds-YP_009725295.1	TAT	Y	AAT	N	154
NC_045512.2	4092	T	C	0	0	0	2	0	37	1	2	0.333333	FALSE	ORF1ab:cds-YP_009724389.1	ATC	I	ACC	T	1276
NC_045512.2	4092	T	C	0	0	0	2	0	37	1	2	0.333333	FALSE	ORF1ab:cds-YP_009725295.1	ATC	I	ACC	T	1276
NC_045512.2	5388	C	A	0	0	0	1	0	37	1	1	1	FALSE	ORF1ab:cds-YP_009724389.1	GCT	A	GAT	D	1708
NC_045512.2	5388	C	A	0	0	0	1	0	37	1	1	1	FALSE	ORF1ab:cds-YP_009725295.1	GCT	A	GAT	D	1708
NC_045512.2	5498	A	T	0	0	0	1	0	29	1	1	1	FALSE	ORF1ab:cds-YP_009724389.1	AAA	K	TAA	*	1745
NC_045512.2	5498	A	T	0	0	0	1	0	29	1	1	1	FALSE	ORF1ab:cds-YP_009725295.1	AAA	K	TAA	*	1745
NC_045512.2	7307	C	G	1	1	25	1	0	37	0.5	2	0.666667	FALSE	ORF1ab:cds-YP_009724389.1	CAA	Q	GAA	E	2348
NC_045512.2	7307	C	G	1	1	25	1	0	37	0.5	2	0.666667	FALSE	ORF1ab:cds-YP_009725295.1	CAA	Q	GAA	E	2348
NC_045512.2	7424	T	C	0	0	0	1	0	37	1	1	1	FALSE	ORF1ab:cds-YP_009724389.1	TTT	F	CTT	L	2387
NC_045512.2	7424	T	C	0	0	0	1	0	37	1	1	1	FALSE	ORF1ab:cds-YP_009725295.1	TTT	F	CTT	L	2387
NC_045512.2	9271	T	C	1118	565	71	1	1	37	0.000893655	1119	0.750335	FALSE	ORF1ab:cds-YP_009724389.1	GGT	G	GGC	G	3002
NC_045512.2	9271	T	C	1118	565	71	1	1	37	0.000893655	1119	0.750335	FALSE	ORF1ab:cds-YP_009725295.1	GGT	G	GGC	G	3002
NC_045512.2	11906	G	T	37	0	37	2	0	31	0.0512821	39	0.253247	FALSE	ORF1ab:cds-YP_009724389.1	GTA	V	TTA	L	3881
NC_045512.2	11906	G	T	37	0	37	2	0	31	0.0512821	39	0.253247	FALSE	ORF1ab:cds-YP_009725295.1	GTA	V	TTA	L	3881
NC_045512.2	12001	T	A	37	0	36	1	0	25	0.0263158	38	0.506667	FALSE	ORF1ab:cds-YP_009724389.1	GTT	V	GTA	V	3912
NC_045512.2	12001	T	A	37	0	36	1	0	25	0.0263158	38	0.506667	FALSE	ORF1ab:cds-YP_009725295.1	GTT	V	GTA	V	3912
NC_045512.2	12132	C	+T	39	38	36	1	0	20	0.025641	39	0.512821	FALSE	NA	NA	NA	NA	NA	NA
NC_045512.2	12248	G	T	38	38	36	1	0	74	0.025641	39	0.506494	FALSE	ORF1ab:cds-YP_009724389.1	GCA	A	TCA	S	3995
NC_045512.2	12248	G	T	38	38	36	1	0	74	0.025641	39	0.506494	FALSE	ORF1ab:cds-YP_009725295.1	GCA	A	TCA	S	3995
NC_045512.2	12815	C	T	2	0	37	1	0	37	0.333333	3	0.6	FALSE	ORF1ab:cds-YP_009724389.1	CTG	L	TTG	L	4184
NC_045512.2	12815	C	T	2	0	37	1	0	37	0.333333	3	0.6	FALSE	ORF1ab:cds-YP_009725295.1	CTG	L	TTG	L	4184
NC_045512.2	12865	T	-G	3	2	70	2	0	20	0.666667	3	0.47619	FALSE	NA	NA	NA	NA	NA	NA
NC_045512.2	13023	A	G	62	3	36	1	0	25	0.015873	63	0.504	FALSE	ORF1ab:cds-YP_009724389.1	CAA	Q	CGA	R	4253
NC_045512.2	13023	A	G	62	3	36	1	0	25	0.015873	63	0.504	FALSE	ORF1ab:cds-YP_009725295.1	CAA	Q	CGA	R	4253
NC_045512.2	13059	C	T	52	3	36	15	0	34	0.223881	67	1.42422e-05	TRUE	ORF1ab:cds-YP_009724389.1	ACT	T	ATT	I	4265
NC_045512.2	13059	C	T	52	3	36	15	0	34	0.223881	67	1.42422e-05	TRUE	ORF1ab:cds-YP_009725295.1	ACT	T	ATT	I	4265
NC_045512.2	13151	A	T	64	28	64	1	1	29	0.0153846	65	0.503876	FALSE	ORF1ab:cds-YP_009724389.1	AAG	K	TAG	*	4296
NC_045512.2	13151	A	T	64	28	64	1	1	29	0.0153846	65	0.503876	FALSE	ORF1ab:cds-YP_009725295.1	AAG	K	TAG	*	4296
NC_045512.2	13179	G	A	63	30	69	1	1	22	0.015625	64	0.503937	FALSE	ORF1ab:cds-YP_009724389.1	GGT	G	GAT	D	4305
NC_045512.2	13179	G	A	63	30	69	1	1	22	0.015625	64	0.503937	FALSE	ORF1ab:cds-YP_009725295.1	GGT	G	GAT	D	4305
NC_045512.2	13208	A	C	63	31	67	1	0	29	0.015625	64	0.503937	FALSE	ORF1ab:cds-YP_009724389.1	AAT	N	CAT	H	4315
NC_045512.2	13208	A	C	63	31	67	1	0	29	0.015625	64	0.503937	FALSE	ORF1ab:cds-YP_009725295.1	AAT	N	CAT	H	4315
NC_045512.2	13218	A	T	64	31	68	1	1	29	0.0153846	65	0.503876	FALSE	ORF1ab:cds-YP_009724389.1	CAA	Q	CTA	L	4318
NC_045512.2	13218	A	T	64	31	68	1	1	29	0.0153846	65	0.503876	FALSE	ORF1ab:cds-YP_009725295.1	CAA	Q	CTA	L	4318
NC_045512.2	13228	T	A	64	31	67	1	0	25	0.0153846	65	0.503876	FALSE	ORF1ab:cds-YP_009724389.1	TTT	F	TTA	L	4321
NC_045512.2	13228	T	A	64	31	67	1	0	25	0.0153846	65	0.503876	FALSE	ORF1ab:cds-YP_009725295.1	TTT	F	TTA	L	4321
NC_045512.2	13260	G	T	60	60	36	1	1	25	0.0163934	61	0.504132	FALSE	ORF1ab:cds-YP_009724389.1	TGC	C	TTC	F	4332
NC_045512.2	13260	G	T	60	60	36	1	1	25	0.0163934	61	0.504132	FALSE	ORF1ab:cds-YP_009725295.1	TGC	C	TTC	F	4332
NC_045512.2	13264	C	T	57	57	36	1	1	25	0.0172414	58	0.504348	FALSE	ORF1ab:cds-YP_009724389.1	CAC	H	CAT	H	4333
NC_045512.2	13264	C	T	57	57	36	1	1	25	0.0172414	58	0.504348	FALSE	ORF1ab:cds-YP_009725295.1	CAC	H	CAT	H	4333
NC_045512.2	13307	A	T	82	68	37	1	0	37	0.0120482	83	0.50303	FALSE	ORF1ab:cds-YP_009724389.1	AAG	K	TAG	*	4348
NC_045512.2	13307	A	T	82	68	37	1	0	37	0.0120482	83	0.50303	FALSE	ORF1ab:cds-YP_009725295.1	AAG	K	TAG	*	4348
NC_045512.2	13308	A	T	8368	4067	70	1	0	25	0.000119374	8377	1	FALSE	ORF1ab:cds-YP_009724389.1	AAG	K	ATG	M	4348
NC_045512.2	13308	A	T	8368	4067	70	1	0	25	0.000119374	8377	1	FALSE	ORF1ab:cds-YP_009725295.1	AAG	K	ATG	M	4348
NC_045512.2	13308	A	G	8368	4067	70	8	0	37	0.000954996	8377	0.598237	FALSE	ORF1ab:cds-YP_009724389.1	AAG	K	AGG	R	4348
NC_045512.2	13308	A	G	8368	4067	70	8	0	37	0.000954996	8377	0.598237	FALSE	ORF1ab:cds-YP_009725295.1	AAG	K	AGG	R	4348
NC_045512.2	13309	G	T	8465	4125	70	4	0	37	0.000471921	8476	0.926902	FALSE	ORF1ab:cds-YP_009724389.1	AAG	K	AAT	N	4348
NC_045512.2	13309	G	T	8465	4125	70	4	0	37	0.000471921	8476	0.926902	FALSE	ORF1ab:cds-YP_009725295.1	AAG	K	AAT	N	4348
NC_045512.2	13309	G	C	8465	4125	70	1	0	37	0.00011798	8476	0.998042	FALSE	ORF1ab:cds-YP_009724389.1	AAG	K	AAC	N	4348
NC_045512.2	13309	G	C	8465	4125	70	1	0	37	0.00011798	8476	0.998042	FALSE	ORF1ab:cds-YP_009725295.1	AAG	K	AAC	N	4348
NC_045512.2	13309	G	A	8465	4125	70	6	0	37	0.000707881	8476	0.787863	FALSE	ORF1ab:cds-YP_009724389.1	AAG	K	AAA	K	4348
NC_045512.2	13309	G	A	8465	4125	70	6	0	37	0.000707881	8476	0.787863	FALSE	ORF1ab:cds-YP_009725295.1	AAG	K	AAA	K	4348
NC_045512.2	13310	T	C	8528	4171	70	2	0	31	0.000234467	8530	0.989281	FALSE	ORF1ab:cds-YP_009724389.1	TAT	Y	CAT	H	4349
NC_045512.2	13310	T	C	8528	4171	70	2	0	31	0.000234467	8530	0.989281	FALSE	ORF1ab:cds-YP_009725295.1	TAT	Y	CAT	H	4349
NC_045512.2	13310	T	-A	8528	4171	70	4	0	20	0.000468933	8530	1	FALSE	NA	NA	NA	NA	NA	NA
NC_045512.2	13310	T	+A	8528	4171	70	3	0	20	0.0003517	8530	1	FALSE	NA	NA	NA	NA	NA	NA
NC_045512.2	13311	A	T	8541	4171	70	1	0	37	0.000117069	8542	0.998048	FALSE	ORF1ab:cds-YP_009724389.1	TAT	Y	TTT	F	4349
NC_045512.2	13311	A	T	8541	4171	70	1	0	37	0.000117069	8542	0.998048	FALSE	ORF1ab:cds-YP_009725295.1	TAT	Y	TTT	F	4349
NC_045512.2	13311	A	-T	8541	4171	70	2	0	20	0.000234028	8546	1	FALSE	NA	NA	NA	NA	NA	NA
NC_045512.2	13311	A	+T	8541	4171	70	1	0	20	0.000117014	8546	1	FALSE	NA	NA	NA	NA	NA	NA
NC_045512.2	13312	T	C	8600	4221	70	1	0	37	0.000116266	8601	0.99805	FALSE	ORF1ab:cds-YP_009724389.1	TAT	Y	TAC	Y	4349
NC_045512.2	13312	T	C	8600	4221	70	1	0	37	0.000116266	8601	0.99805	FALSE	ORF1ab:cds-YP_009725295.1	TAT	Y	TAC	Y	4349
NC_045512.2	13313	G	T	8614	4215	69	1	0	74	0.000116063	8616	0.5	FALSE	ORF1ab:cds-YP_009724389.1	GTA	V	TTA	L	4350
NC_045512.2	13313	G	T	8614	4215	69	1	0	74	0.000116063	8616	0.5	FALSE	ORF1ab:cds-YP_009725295.1	GTA	V	TTA	L	4350
NC_045512.2	13313	G	A	8614	4215	69	1	0	48	0.000116063	8616	0.5	FALSE	ORF1ab:cds-YP_009724389.1	GTA	V	ATA	I	4350
NC_045512.2	13313	G	A	8614	4215	69	1	0	48	0.000116063	8616	0.5	FALSE	ORF1ab:cds-YP_009725295.1	GTA	V	ATA	I	4350
NC_045512.2	13314	T	+A	8627	4225	70	1	0	20	0.000115915	8627	1	FALSE	NA	NA	NA	NA	NA	NA
NC_045512.2	13385	G	A	74	58	36	1	1	37	0.0133333	75	0.503356	FALSE	ORF1ab:cds-YP_009724389.1	GGT	G	AGT	S	4374
NC_045512.2	13385	G	A	74	58	36	1	1	37	0.0133333	75	0.503356	FALSE	ORF1ab:cds-YP_009725295.1	GGT	G	AGT	S	4374
NC_045512.2	13762	G	T	8	7	58	1	1	22	0.111111	9	0.529412	FALSE	ORF1ab:cds-YP_009724389.1	GGT	G	TGT	C	99
NC_045512.2	15279	C	T	0	0	0	9	0	35	1	9	4.11353e-05	TRUE	ORF1ab:cds-YP_009724389.1	CAC	H	CAT	H	604
NC_045512.2	15960	C	T	1	0	37	1	1	48	0.5	2	0.666667	FALSE	ORF1ab:cds-YP_009724389.1	GCC	A	GCT	A	831
NC_045512.2	16112	T	G	1	1	37	1	1	37	0.5	2	0.666667	FALSE	ORF1ab:cds-YP_009724389.1	CTA	L	CGA	R	882
NC_045512.2	16176	T	C	0	0	0	2	2	37	1	2	0.333333	FALSE	ORF1ab:cds-YP_009724389.1	ACT	T	ACC	T	903
NC_045512.2	17163	C	A	31	0	36	1	0	25	0.03125	32	0.507937	FALSE	ORF1ab:cds-YP_009724389.1	TGC	C	TGA	*	1232
NC_045512.2	17164	T	C	31	0	36	1	0	37	0.03125	32	0.507937	FALSE	ORF1ab:cds-YP_009724389.1	TCT	S	CCT	P	1233
NC_045512.2	17203	A	T	31	18	69	1	0	29	0.03125	32	0.507937	FALSE	ORF1ab:cds-YP_009724389.1	AAA	K	TAA	*	1246
NC_045512.2	17273	T	C	32	17	65	1	0	74	0.030303	33	0.507692	FALSE	ORF1ab:cds-YP_009724389.1	TTC	F	TCC	S	1269
NC_045512.2	17278	G	T	33	18	69	1	0	22	0.0294118	34	0.507463	FALSE	ORF1ab:cds-YP_009724389.1	GTG	V	TTG	L	1271
NC_045512.2	17284	T	C	33	17	66	1	1	48	0.0294118	34	0.507463	FALSE	ORF1ab:cds-YP_009724389.1	TCA	S	CCA	P	1273
NC_045512.2	17286	A	T	33	18	66	1	1	29	0.0294118	34	0.507463	FALSE	ORF1ab:cds-YP_009724389.1	TCA	S	TCT	S	1273
NC_045512.2	17295	A	T	33	19	68	1	0	22	0.0294118	34	0.507463	FALSE	ORF1ab:cds-YP_009724389.1	GAA	E	GAT	D	1276
NC_045512.2	17328	T	A	29	29	36	1	1	37	0.0333333	30	0.508475	FALSE	ORF1ab:cds-YP_009724389.1	CCT	P	CCA	P	1287
NC_045512.2	17363	T	G	32	32	36	1	1	37	0.030303	33	0.507692	FALSE	ORF1ab:cds-YP_009724389.1	ATT	I	AGT	S	1299
NC_045512.2	17427	G	C	34	33	35	1	1	25	0.0285714	35	0.507246	FALSE	ORF1ab:cds-YP_009724389.1	GTG	V	GTC	V	1320
NC_045512.2	17442	T	C	33	32	35	1	1	25	0.0294118	34	0.507463	FALSE	ORF1ab:cds-YP_009724389.1	CCT	P	CCC	P	1325
NC_045512.2	24705	A	G	21	0	36	1	0	37	0.0454545	22	0.511628	FALSE	S:cds-YP_009724390.1	CAT	H	CGT	R	1048
NC_045512.2	24820	A	T	21	0	35	1	0	37	0.0454545	22	0.511628	FALSE	S:cds-YP_009724390.1	AAA	K	AAT	N	1086
NC_045512.2	24828	T	G	21	7	60	1	1	29	0.0454545	22	0.511628	FALSE	S:cds-YP_009724390.1	TTT	F	TGT	C	1089
NC_045512.2	24914	G	C	7	3	58	15	6	66	0.681818	22	1.12546e-06	TRUE	S:cds-YP_009724390.1	GAC	D	CAC	H	1118
NC_045512.2	24923	T	G	21	9	60	1	0	20	0.0454545	22	0.511628	FALSE	S:cds-YP_009724390.1	TTT	F	GTT	V	1121
NC_045512.2	25563	G	T	7	7	37	2	2	37	0.222222	9	0.264706	FALSE	ORF3a:cds-YP_009724391.1	CAG	Q	CAT	H	57
NC_045512.2	25587	C	T	7	7	35	2	2	37	0.222222	9	0.264706	FALSE	ORF3a:cds-YP_009724391.1	CTC	L	CTT	L	65
NC_045512.2	25643	T	C	8	8	35	1	1	37	0.111111	9	0.529412	FALSE	ORF3a:cds-YP_009724391.1	CTG	L	CCG	P	84
NC_045512.2	25673	T	C	462	240	71	1	1	37	0.00215983	463	0.500541	FALSE	ORF3a:cds-YP_009724391.1	CTT	L	CCT	P	94
NC_045512.2	26544	A	T	0	0	0	1	0	62	1	1	1	FALSE	M:cds-YP_009724393.1	ATT	I	TTT	F	8
NC_045512.2	26852	G	T	58	0	37	1	0	37	0.0169492	59	0.504274	FALSE	M:cds-YP_009724393.1	TGG	W	TGT	C	110
NC_045512.2	26956	T	A	53	0	37	1	0	25	0.0185185	54	0.504673	FALSE	M:cds-YP_009724393.1	CTT	L	CAT	H	145
NC_045512.2	26970	C	A	59	28	66	1	0	22	0.0166667	60	0.504202	FALSE	M:cds-YP_009724393.1	CGT	R	AGT	S	150
NC_045512.2	26997	T	G	58	27	70	1	0	29	0.0169492	59	0.504274	FALSE	M:cds-YP_009724393.1	TGT	C	GGT	G	159
NC_045512.2	27019	A	C	58	27	67	1	1	25	0.0169492	59	0.504274	FALSE	M:cds-YP_009724393.1	AAA	K	ACA	T	166
NC_045512.2	27023	A	T	58	27	65	1	1	29	0.0169492	59	0.504274	FALSE	M:cds-YP_009724393.1	GAA	E	GAT	D	167
NC_045512.2	27026	C	A	58	27	68	1	0	29	0.0169492	59	0.504274	FALSE	M:cds-YP_009724393.1	ATC	I	ATA	I	168
NC_045512.2	27032	T	A	59	28	67	1	0	29	0.0166667	60	0.504202	FALSE	M:cds-YP_009724393.1	GTT	V	GTA	V	170
NC_045512.2	27045	A	T	62	28	68	1	1	25	0.015873	63	0.504	FALSE	M:cds-YP_009724393.1	ACG	T	TCG	S	175
NC_045512.2	27061	A	C	62	30	62	1	0	29	0.015873	63	0.504	FALSE	M:cds-YP_009724393.1	AAA	K	ACA	T	180
NC_045512.2	27100	T	G	56	53	38	1	1	37	0.0175439	57	0.504425	FALSE	M:cds-YP_009724393.1	TTT	F	TGT	C	193
NC_045512.2	27120	A	T	61	58	38	1	1	37	0.016129	62	0.504065	FALSE	M:cds-YP_009724393.1	AGG	R	TGG	W	200
NC_045512.2	27130	A	T	60	57	39	1	1	37	0.0163934	61	0.504132	FALSE	M:cds-YP_009724393.1	AAC	N	ATC	I	203
NC_045512.2	28111	A	G	7	0	35	147	0	36	0.954545	154	3.9364e-80	TRUE	ORF8:cds-YP_009724396.1	TAC	Y	TGC	C	73
NC_045512.2	28144	T	C	148	0	36	7	0	37	0.0451613	155	0.00745859	TRUE	ORF8:cds-YP_009724396.1	TTA	L	TCA	S	84
NC_045512.2	28154	A	G	155	0	36	1	0	37	0.00641026	156	0.501608	FALSE	ORF8:cds-YP_009724396.1	ACA	T	ACG	T	87
NC_045512.2	28161	T	C	154	0	36	1	0	37	0.00645161	155	0.501618	FALSE	ORF8:cds-YP_009724396.1	TGC	C	CGC	R	90
NC_045512.2	28172	T	G	153	0	36	1	0	37	0.00649351	154	0.501629	FALSE	ORF8:cds-YP_009724396.1	CCT	P	CCG	P	93
NC_045512.2	28190	A	C	156	0	36	1	0	25	0.00636943	157	0.752396	FALSE	ORF8:cds-YP_009724396.1	GTA	V	GTC	V	99
NC_045512.2	28192	T	A	152	0	36	1	0	25	0.00653595	153	0.752459	FALSE	ORF8:cds-YP_009724396.1	GTG	V	GAG	E	100
NC_045512.2	28214	C	A	155	70	66	1	1	20	0.00641026	156	0.752412	FALSE	ORF8:cds-YP_009724396.1	GAC	D	GAA	E	107
NC_045512.2	28227	C	A	154	75	68	1	1	29	0.00645161	155	0.752427	FALSE	ORF8:cds-YP_009724396.1	CAT	H	AAT	N	112
NC_045512.2	28238	T	-G	156	76	69	9	0	20	0.0576923	156	0.0126793	FALSE	NA	NA	NA	NA	NA	NA
NC_045512.2	28243	T	C	153	75	67	1	0	22	0.00649351	154	0.752443	FALSE	ORF8:cds-YP_009724396.1	GTT	V	GCT	A	117
NC_045512.2	28247	A	-GATTTC	154	75	69	8	0	20	0.0519481	154	0.0223943	FALSE	NA	NA	NA	NA	NA	NA
NC_045512.2	28250	T	A	146	71	68	1	0	20	0.00680272	147	0.73907	FALSE	ORF8:cds-YP_009724396.1	GAT	D	GAA	E	119
NC_045512.2	28253	C	-A	145	72	68	13	0	20	0.0849673	153	0.000931471	TRUE	NA	NA	NA	NA	NA	NA
NC_045512.2	28270	T	-A	287	126	69	273	0	20	0.95122	287	2.99138e-59	TRUE	NA	NA	NA	NA	NA	NA
NC_045512.2	28273	A	T	277	121	68	8	4	64	0.0280702	285	0.00376947	TRUE	NA	NA	NA	NA	NA	NA
NC_045512.2	28274	A	C	283	125	65	1	1	29	0.00352113	284	0.876322	FALSE	N:cds-YP_009724397.2	ATG	M	CTG	L	1
NC_045512.2	28279	T	-G	285	127	69	1	0	20	0.00350877	285	0.876968	FALSE	NA	NA	NA	NA	NA	NA
NC_045512.2	28279	T	+C	285	127	69	1	0	20	0.00350877	285	0.876968	FALSE	NA	NA	NA	NA	NA	NA
NC_045512.2	28280	G	T	11	5	70	1	1	29	0.00353357	283	0.117138	FALSE	N:cds-YP_009724397.2	GAT	D	TAT	Y	3
NC_045512.2	28280	G	C	11	5	70	271	121	68	0.957597	283	3.78576e-150	TRUE	N:cds-YP_009724397.2	GAT	D	CAT	H	3
NC_045512.2	28281	A	T	12	6	69	273	122	68	0.95122	287	3.17417e-150	TRUE	N:cds-YP_009724397.2	GAT	D	GTT	V	3
NC_045512.2	28281	A	C	12	6	69	2	2	37	0.00696864	287	0.00202899	TRUE	N:cds-YP_009724397.2	GAT	D	GCT	A	3
NC_045512.2	28282	T	A	11	5	67	273	120	67	0.961268	284	1.81908e-150	TRUE	N:cds-YP_009724397.2	GAT	D	GAA	E	3
NC_045512.2	28284	A	+C	306	140	67	1	0	20	0.00326797	306	0.938922	FALSE	NA	NA	NA	NA	NA	NA
NC_045512.2	28287	G	T	304	147	67	3	0	26	0.00977199	307	0.658553	FALSE	N:cds-YP_009724397.2	GGA	G	GTA	V	5
NC_045512.2	28289	C	A	306	144	69	1	0	22	0.00325733	307	0.938517	FALSE	N:cds-YP_009724397.2	CCC	P	ACC	T	6
NC_045512.2	28290	C	A	307	146	67	1	0	29	0.00324675	308	0.938514	FALSE	N:cds-YP_009724397.2	CCC	P	CAC	H	6
NC_045512.2	28291	C	A	309	145	67	1	1	29	0.00322581	310	0.938507	FALSE	N:cds-YP_009724397.2	CCC	P	CCA	P	6
NC_045512.2	28299	A	C	306	143	67	1	0	29	0.00325733	307	0.938517	FALSE	N:cds-YP_009724397.2	CAG	Q	CCG	P	9
NC_045512.2	28304	A	C	303	142	67	2	1	24	0.00655738	305	0.814555	FALSE	N:cds-YP_009724397.2	AAT	N	CAT	H	11
NC_045512.2	28305	A	G	305	143	67	1	0	20	0.00326797	306	0.93852	FALSE	N:cds-YP_009724397.2	AAT	N	AGT	S	11
NC_045512.2	28306	T	G	306	146	69	1	1	25	0.00325733	307	0.938517	FALSE	N:cds-YP_009724397.2	AAT	N	AAG	K	11
NC_045512.2	28309	A	T	309	148	68	1	0	29	0.00322581	310	0.938507	FALSE	N:cds-YP_009724397.2	GCA	A	GCT	A	12
NC_045512.2	28312	C	G	307	146	69	1	1	29	0.00324675	308	0.938514	FALSE	N:cds-YP_009724397.2	CCC	P	CCG	P	13
NC_045512.2	28314	G	A	308	145	68	1	1	36	0.00323625	309	0.50081	FALSE	N:cds-YP_009724397.2	CGC	R	CAC	H	14
NC_045512.2	28318	T	G	307	150	66	1	0	29	0.00324675	308	0.938514	FALSE	N:cds-YP_009724397.2	ATT	I	ATG	M	15
NC_045512.2	28324	T	A	307	148	68	1	0	29	0.00324675	308	0.938514	FALSE	N:cds-YP_009724397.2	TTT	F	TTA	L	17
NC_045512.2	28327	T	G	308	146	69	1	1	29	0.00323625	309	0.93851	FALSE	N:cds-YP_009724397.2	GGT	G	GGG	G	18
NC_045512.2	28332	C	A	308	150	67	1	1	25	0.00323625	309	0.93851	FALSE	N:cds-YP_009724397.2	CCC	P	CAC	H	20
NC_045512.2	28342	A	T	302	215	53	1	1	25	0.00330033	303	0.93853	FALSE	N:cds-YP_009724397.2	TCA	S	TCT	S	23
NC_045512.2	28357	G	T	301	216	53	1	1	37	0.00331126	302	0.500829	FALSE	N:cds-YP_009724397.2	CAG	Q	CAT	H	28
NC_045512.2	28358	A	T	304	216	53	1	1	37	0.00327869	305	0.500821	FALSE	N:cds-YP_009724397.2	AAT	N	TAT	Y	29
NC_045512.2	28359	A	T	305	219	52	1	1	25	0.00326797	306	0.93852	FALSE	N:cds-YP_009724397.2	AAT	N	ATT	I	29
NC_045512.2	28393	T	A	308	224	52	1	1	37	0.00323625	309	0.50081	FALSE	N:cds-YP_009724397.2	CGT	R	CGA	R	40
NC_045512.2	28396	G	A	236	163	53	78	60	47	0.248408	314	1.5859e-26	TRUE	N:cds-YP_009724397.2	CGG	R	CGA	R	41
NC_045512.2	28397	C	T	315	225	52	1	0	22	0.00316456	316	0.938488	FALSE	N:cds-YP_009724397.2	CCC	P	TCC	S	42
NC_045512.2	28404	G	A	314	224	52	1	1	74	0.0031746	315	0.500795	FALSE	N:cds-YP_009724397.2	GGT	G	GAT	D	44
NC_045512.2	28405	T	G	311	221	52	1	1	37	0.00320513	312	0.500803	FALSE	N:cds-YP_009724397.2	GGT	G	GGG	G	44
NC_045512.2	28421	G	T	310	223	51	1	0	29	0.00321543	311	0.938504	FALSE	N:cds-YP_009724397.2	GCG	A	TCG	S	50
NC_045512.2	28430	T	G	316	226	51	1	0	25	0.00315457	317	0.938485	FALSE	N:cds-YP_009724397.2	TTC	F	GTC	V	53
NC_045512.2	28442	A	T	312	224	52	1	0	29	0.00319489	313	0.938498	FALSE	N:cds-YP_009724397.2	ACT	T	TCT	S	57
NC_045512.2	28447	A	T	313	223	51	1	1	37	0.00318471	314	0.500797	FALSE	N:cds-YP_009724397.2	CAA	Q	CAT	H	58
NC_045512.2	28455	A	C	310	222	50	1	0	29	0.00321543	311	0.938504	FALSE	N:cds-YP_009724397.2	AAG	K	ACG	T	61
NC_045512.2	28457	G	T	313	226	51	1	1	25	0.00318471	314	0.938494	FALSE	N:cds-YP_009724397.2	GAA	E	TAA	*	62
NC_045512.2	28459	A	G	314	231	48	1	1	37	0.0031746	315	0.500795	FALSE	N:cds-YP_009724397.2	GAA	E	GAG	E	62
NC_045512.2	28464	T	C	308	224	51	1	1	25	0.00323625	309	0.93851	FALSE	N:cds-YP_009724397.2	CTT	L	CCT	P	64
NC_045512.2	29059	T	A	12	0	37	1	0	25	0.0769231	13	0.52	FALSE	N:cds-YP_009724397.2	CGT	R	CGA	R	262
NC_045512.2	29197	C	A	12	7	67	1	0	22	0.0769231	13	0.52	FALSE	N:cds-YP_009724397.2	GCC	A	GCA	A	308
NC_045512.2	29205	C	A	12	6	65	1	1	74	0.0769231	13	0.52	FALSE	N:cds-YP_009724397.2	GCT	A	GAT	D	311
NC_045512.2	29315	G	C	12	12	35	1	1	37	0.0769231	13	0.52	FALSE	N:cds-YP_009724397.2	GAT	D	CAT	H	348
NC_045512.2	29869	A	G	548	397	35	1	0	37	0.00182149	549	0.500456	FALSE	NA	NA	NA	NA	NA	NA
NC_045512.2	29870	C	G	108	40	33	1	0	37	0.00694444	144	0.43254	FALSE	NA	NA	NA	NA	NA	NA
NC_045512.2	29870	C	A	108	40	33	35	0	32	0.243056	144	2.71176e-12	TRUE	NA	NA	NA	NA	NA	NA
NC_045512.2	29871	A	C	13935	5039	38	1	0	37	7.17566e-05	13936	0.999939	FALSE	NA	NA	NA	NA	NA	NA
NC_045512.2	29872	A	C	14017	5113	38	3	0	37	0.00021398	14020	0.998829	FALSE	NA	NA	NA	NA	NA	NA
NC_045512.2	29872	A	+AG	14017	5113	38	3	0	20	0.00021398	14020	1	FALSE	NA	NA	NA	NA	NA	NA
NC_045512.2	29873	A	C	14100	5152	38	6	0	37	0.000425351	14106	0.979348	FALSE	NA	NA	NA	NA	NA	NA
NC_045512.2	29873	A	+G	14100	5152	38	1	0	20	7.08918e-05	14106	1	FALSE	NA	NA	NA	NA	NA	NA
NC_045512.2	29873	A	+AG	14100	5152	38	3	0	20	0.000212675	14106	1	FALSE	NA	NA	NA	NA	NA	NA
NC_045512.2	29874	A	C	14242	5297	38	3	2	29	0.0002106	14245	1	FALSE	NA	NA	NA	NA	NA	NA
NC_045512.2	29874	A	+G	14242	5297	38	1	0	20	7.02001e-05	14245	1	FALSE	NA	NA	NA	NA	NA	NA
NC_045512.2	29875	A	G	14222	5295	38	13	0	33	0.000913114	14237	0.649446	FALSE	NA	NA	NA	NA	NA	NA
NC_045512.2	29875	A	C	14222	5295	38	2	2	25	0.000140479	14237	1	FALSE	NA	NA	NA	NA	NA	NA
NC_045512.2	29875	A	+AG	14222	5295	38	1	0	20	7.02395e-05	14237	1	FALSE	NA	NA	NA	NA	NA	NA
NC_045512.2	29875	A	+AAG	14222	5295	38	1	0	20	7.02395e-05	14237	1	FALSE	NA	NA	NA	NA	NA	NA
NC_045512.2	29876	A	C	14320	5343	38	2	2	31	0.000139645	14322	0.999742	FALSE	NA	NA	NA	NA	NA	NA
NC_045512.2	29876	A	+CG	14320	5343	38	1	0	20	6.98227e-05	14322	1	FALSE	NA	NA	NA	NA	NA	NA
NC_045512.2	29877	A	T	14384	5418	38	1	1	37	6.94734e-05	14394	0.999969	FALSE	NA	NA	NA	NA	NA	NA
NC_045512.2	29877	A	G	14384	5418	38	7	0	35	0.000486314	14394	0.96085	FALSE	NA	NA	NA	NA	NA	NA
NC_045512.2	29877	A	C	14384	5418	38	2	1	25	0.000138947	14394	1	FALSE	NA	NA	NA	NA	NA	NA
NC_045512.2	29878	A	T	14302	5360	38	4	1	31	0.000279408	14316	0.996225	FALSE	NA	NA	NA	NA	NA	NA
NC_045512.2	29878	A	G	14302	5360	38	5	0	37	0.00034926	14316	0.990383	FALSE	NA	NA	NA	NA	NA	NA
NC_045512.2	29878	A	C	14302	5360	38	5	3	25	0.00034926	14316	1	FALSE	NA	NA	NA	NA	NA	NA
NC_045512.2	29878	A	+CAT	14302	5360	38	1	0	20	6.98519e-05	14316	1	FALSE	NA	NA	NA	NA	NA	NA
NC_045512.2	29879	A	T	14428	5436	38	1	1	25	6.92857e-05	14433	1	FALSE	NA	NA	NA	NA	NA	NA
NC_045512.2	29879	A	C	14428	5436	38	4	4	28	0.000277143	14433	1	FALSE	NA	NA	NA	NA	NA	NA
NC_045512.2	29879	A	+CC	14428	5436	38	1	0	20	6.92857e-05	14433	1	FALSE	NA	NA	NA	NA	NA	NA
NC_045512.2	29879	A	+CAAC	14428	5436	38	1	0	20	6.92857e-05	14433	1	FALSE	NA	NA	NA	NA	NA	NA
NC_045512.2	29879	A	+ACAT	14428	5436	38	1	0	20	6.92857e-05	14433	1	FALSE	NA	NA	NA	NA	NA	NA
NC_045512.2	29879	A	+ACAC	14428	5436	38	2	0	20	0.000138571	14433	1	FALSE	NA	NA	NA	NA	NA	NA
NC_045512.2	29880	A	+CACT	14364	5423	38	1	0	20	6.96185e-05	14364	1	FALSE	NA	NA	NA	NA	NA	NA
NC_045512.2	29880	A	+CACAC	14364	5423	38	1	0	20	6.96185e-05	14364	1	FALSE	NA	NA	NA	NA	NA	NA
NC_045512.2	29880	A	+CAC	14364	5423	38	2	0	20	0.000139237	14364	1	FALSE	NA	NA	NA	NA	NA	NA
NC_045512.2	29880	A	+ACAC	14364	5423	38	1	0	20	6.96185e-05	14364	1	FALSE	NA	NA	NA	NA	NA	NA
NC_045512.2	29880	A	+ACAAC	14364	5423	38	1	0	20	6.96185e-05	14364	1	FALSE	NA	NA	NA	NA	NA	NA
NC_045512.2	29881	A	C	14390	5464	38	3	3	25	0.000208435	14393	1	FALSE	NA	NA	NA	NA	NA	NA
NC_045512.2	29881	A	+TAT	14390	5464	38	2	0	20	0.000138956	14393	1	FALSE	NA	NA	NA	NA	NA	NA
NC_045512.2	29881	A	+TAC	14390	5464	38	1	0	20	6.94782e-05	14393	1	FALSE	NA	NA	NA	NA	NA	NA
NC_045512.2	29881	A	+CC	14390	5464	38	1	0	20	6.94782e-05	14393	1	FALSE	NA	NA	NA	NA	NA	NA
NC_045512.2	29881	A	+CACCAC	14390	5464	38	1	0	20	6.94782e-05	14393	1	FALSE	NA	NA	NA	NA	NA	NA
NC_045512.2	29881	A	+CAAC	14390	5464	38	1	0	20	6.94782e-05	14393	1	FALSE	NA	NA	NA	NA	NA	NA
NC_045512.2	29881	A	+ACAAC	14390	5464	38	1	0	20	6.94782e-05	14393	1	FALSE	NA	NA	NA	NA	NA	NA
NC_045512.2	29882	A	T	14388	5485	38	2	2	37	0.000138956	14393	0.999741	FALSE	NA	NA	NA	NA	NA	NA
NC_045512.2	29882	A	G	14388	5485	38	1	1	25	6.94782e-05	14393	1	FALSE	NA	NA	NA	NA	NA	NA
NC_045512.2	29882	A	C	14388	5485	38	2	2	31	0.000138956	14393	0.999741	FALSE	NA	NA	NA	NA	NA	NA
NC_045512.2	29882	A	+TT	14388	5485	38	1	0	20	6.94782e-05	14393	1	FALSE	NA	NA	NA	NA	NA	NA
NC_045512.2	29882	A	+CCC	14388	5485	38	1	0	20	6.94782e-05	14393	1	FALSE	NA	NA	NA	NA	NA	NA
NC_045512.2	29882	A	+CCAC	14388	5485	38	1	0	20	6.94782e-05	14393	1	FALSE	NA	NA	NA	NA	NA	NA
NC_045512.2	29882	A	+CC	14388	5485	38	2	0	20	0.000138956	14393	1	FALSE	NA	NA	NA	NA	NA	NA
NC_045512.2	29882	A	+CACC	14388	5485	38	1	0	20	6.94782e-05	14393	1	FALSE	NA	NA	NA	NA	NA	NA
NC_045512.2	29882	A	+CAC	14388	5485	38	1	0	20	6.94782e-05	14393	1	FALSE	NA	NA	NA	NA	NA	NA
NC_045512.2	29882	A	+CAAC	14388	5485	38	1	0	20	6.94782e-05	14393	1	FALSE	NA	NA	NA	NA	NA	NA
NC_045512.2	29882	A	+ACAC	14388	5485	38	2	0	20	0.000138956	14393	1	FALSE	NA	NA	NA	NA	NA	NA
NC_045512.2	29891	A	+CCAC	14432	5749	38	1	0	20	6.92905e-05	14432	1	FALSE	NA	NA	NA	NA	NA	NA
NC_045512.2	29892	A	T	14342	5773	38	2	1	25	0.000139431	14344	1	FALSE	NA	NA	NA	NA	NA	NA
NC_045512.2	29892	A	+TC	14342	5773	38	1	0	20	6.97156e-05	14344	1	FALSE	NA	NA	NA	NA	NA	NA
NC_045512.2	29892	A	+GAT	14342	5773	38	1	0	20	6.97156e-05	14344	1	FALSE	NA	NA	NA	NA	NA	NA
NC_045512.2	29892	A	+CTAT	14342	5773	38	1	0	20	6.97156e-05	14344	1	FALSE	NA	NA	NA	NA	NA	NA
NC_045512.2	29892	A	+CAG	14342	5773	38	1	0	20	6.97156e-05	14344	1	FALSE	NA	NA	NA	NA	NA	NA
NC_045512.2	29892	A	+CAC	14342	5773	38	2	0	20	0.000139431	14344	1	FALSE	NA	NA	NA	NA	NA	NA
NC_045512.2	29893	A	T	14356	5757	38	1	0	25	6.96524e-05	14357	1	FALSE	NA	NA	NA	NA	NA	NA
NC_045512.2	29893	A	+TAC	14356	5757	38	1	0	20	6.96524e-05	14357	1	FALSE	NA	NA	NA	NA	NA	NA
NC_045512.2	29894	A	T	14336	5787	38	1	0	37	6.97496e-05	14337	0.99997	FALSE	NA	NA	NA	NA	NA	NA
NC_045512.2	29895	A	T	14387	5858	38	1	0	37	6.94975e-05	14389	0.99997	FALSE	NA	NA	NA	NA	NA	NA
NC_045512.2	29895	A	C	14387	5858	38	1	0	25	6.94975e-05	14389	1	FALSE	NA	NA	NA	NA	NA	NA
NC_045512.2	29896	A	T	14332	5817	38	1	0	25	6.97642e-05	14334	1	FALSE	NA	NA	NA	NA	NA	NA
NC_045512.2	29896	A	C	14332	5817	38	1	0	25	6.97642e-05	14334	1	FALSE	NA	NA	NA	NA	NA	NA
NC_045512.2	29897	A	C	14277	5824	38	1	0	37	7.00378e-05	14278	0.99997	FALSE	NA	NA	NA	NA	NA	NA
NC_045512.2	29897	A	+T	14277	5824	38	1	0	20	7.00378e-05	14278	1	FALSE	NA	NA	NA	NA	NA	NA
NC_045512.2	29898	A	T	14188	5805	38	4	0	28	0.00028173	14198	1	FALSE	NA	NA	NA	NA	NA	NA
NC_045512.2	29898	A	C	14188	5805	38	6	2	25	0.000422595	14198	1	FALSE	NA	NA	NA	NA	NA	NA
