REGION	POS	REF	ALT	REF_DP	REF_RV	REF_QUAL	ALT_DP	ALT_RV	ALT_QUAL	ALT_FREQ	TOTAL_DP	PVAL	PASS	GFF_FEATURE	REF_CODON	REF_AA	ALT_CODON	ALT_AA
NC_045512.2	670	T	G	0	0	0	1	1	34	1	1	1	FALSE	cds-YP_009724389.1	AGT	S	AGG	R
NC_045512.2	670	T	G	0	0	0	1	1	34	1	1	1	FALSE	cds-YP_009725295.1	AGT	S	AGG	R
NC_045512.2	2155	G	T	1	0	68	2	1	64	0.666667	3	0.3	FALSE	cds-YP_009724389.1	TGG	W	TGT	C
NC_045512.2	2155	G	T	1	0	68	2	1	64	0.666667	3	0.3	FALSE	cds-YP_009725295.1	TGG	W	TGT	C
NC_045512.2	2175	A	G	2	0	68	1	1	68	0.333333	3	0.6	FALSE	cds-YP_009724389.1	GAA	E	GGA	G
NC_045512.2	2175	A	G	2	0	68	1	1	68	0.333333	3	0.6	FALSE	cds-YP_009725295.1	GAA	E	GGA	G
NC_045512.2	5281	C	G	371	51	36	1	0	26	0.00268817	372	0.938339	FALSE	cds-YP_009724389.1	AAC	N	AAG	K
NC_045512.2	5281	C	G	371	51	36	1	0	26	0.00268817	372	0.938339	FALSE	cds-YP_009725295.1	AAC	N	AAG	K
NC_045512.2	5318	C	G	659	93	37	1	0	34	0.00151515	660	0.500379	FALSE	cds-YP_009724389.1	CAA	Q	GAA	E
NC_045512.2	5318	C	G	659	93	37	1	0	34	0.00151515	660	0.500379	FALSE	cds-YP_009725295.1	CAA	Q	GAA	E
NC_045512.2	5320	A	T	662	95	37	1	0	68	0.00150602	664	0.5	FALSE	cds-YP_009724389.1	CAA	Q	CAT	H
NC_045512.2	5320	A	T	662	95	37	1	0	68	0.00150602	664	0.5	FALSE	cds-YP_009725295.1	CAA	Q	CAT	H
NC_045512.2	5320	A	G	662	95	37	1	1	34	0.00150602	664	0.5	FALSE	cds-YP_009724389.1	CAA	Q	CAG	Q
NC_045512.2	5320	A	G	662	95	37	1	1	34	0.00150602	664	0.5	FALSE	cds-YP_009725295.1	CAA	Q	CAG	Q
NC_045512.2	5323	A	T	550	97	36	1	0	34	0.00181488	551	0.500454	FALSE	cds-YP_009724389.1	ATA	I	ATT	I
NC_045512.2	5323	A	T	550	97	36	1	0	34	0.00181488	551	0.500454	FALSE	cds-YP_009725295.1	ATA	I	ATT	I
NC_045512.2	5347	T	C	796	148	39	1	0	34	0.00125471	797	0.500314	FALSE	cds-YP_009724389.1	GCT	A	GCC	A
NC_045512.2	5347	T	C	796	148	39	1	0	34	0.00125471	797	0.500314	FALSE	cds-YP_009725295.1	GCT	A	GCC	A
NC_045512.2	5373	G	A	816	182	38	1	0	34	0.00122399	817	0.500306	FALSE	cds-YP_009724389.1	AGG	R	AAG	K
NC_045512.2	5373	G	A	816	182	38	1	0	34	0.00122399	817	0.500306	FALSE	cds-YP_009725295.1	AGG	R	AAG	K
NC_045512.2	5375	G	A	825	186	38	1	1	68	0.00121065	826	0.500303	FALSE	cds-YP_009724389.1	GCT	A	ACT	T
NC_045512.2	5375	G	A	825	186	38	1	1	68	0.00121065	826	0.500303	FALSE	cds-YP_009725295.1	GCT	A	ACT	T
NC_045512.2	5378	G	A	760	189	37	1	0	34	0.00131406	761	0.500329	FALSE	cds-YP_009724389.1	GGT	G	AGT	S
NC_045512.2	5378	G	A	760	189	37	1	0	34	0.00131406	761	0.500329	FALSE	cds-YP_009725295.1	GGT	G	AGT	S
NC_045512.2	5382	A	G	727	186	36	1	1	52	0.00137363	728	0.500344	FALSE	cds-YP_009724389.1	GAA	E	GGA	G
NC_045512.2	5382	A	G	727	186	36	1	1	52	0.00137363	728	0.500344	FALSE	cds-YP_009725295.1	GAA	E	GGA	G
NC_045512.2	5390	A	G	701	185	36	1	0	34	0.00142248	703	0.5	FALSE	cds-YP_009724389.1	AAC	N	GAC	D
NC_045512.2	5390	A	G	701	185	36	1	0	34	0.00142248	703	0.5	FALSE	cds-YP_009725295.1	AAC	N	GAC	D
NC_045512.2	5390	A	C	701	185	36	1	0	34	0.00142248	703	0.5	FALSE	cds-YP_009724389.1	AAC	N	CAC	H
NC_045512.2	5390	A	C	701	185	36	1	0	34	0.00142248	703	0.5	FALSE	cds-YP_009725295.1	AAC	N	CAC	H
NC_045512.2	5406	T	A	593	153	34	1	1	26	0.0016835	594	0.98465	FALSE	cds-YP_009724389.1	ATC	I	AAC	N
NC_045512.2	5406	T	A	593	153	34	1	1	26	0.0016835	594	0.98465	FALSE	cds-YP_009725295.1	ATC	I	AAC	N
NC_045512.2	5432	G	T	709	195	36	1	0	34	0.00140845	710	0.500352	FALSE	cds-YP_009724389.1	GGT	G	TGT	C
NC_045512.2	5432	G	T	709	195	36	1	0	34	0.00140845	710	0.500352	FALSE	cds-YP_009725295.1	GGT	G	TGT	C
NC_045512.2	5438	T	C	729	220	36	1	0	34	0.00136986	730	0.500343	FALSE	cds-YP_009724389.1	TTA	L	CTA	L
NC_045512.2	5438	T	C	729	220	36	1	0	34	0.00136986	730	0.500343	FALSE	cds-YP_009725295.1	TTA	L	CTA	L
NC_045512.2	5478	A	G	802	548	38	1	0	68	0.00124533	803	0.500312	FALSE	cds-YP_009724389.1	CAT	H	CGT	R
NC_045512.2	5478	A	G	802	548	38	1	0	68	0.00124533	803	0.500312	FALSE	cds-YP_009725295.1	CAT	H	CGT	R
NC_045512.2	5491	T	C	897	647	39	1	1	34	0.00111359	898	0.500279	FALSE	cds-YP_009724389.1	GAT	D	GAC	D
NC_045512.2	5491	T	C	897	647	39	1	1	34	0.00111359	898	0.500279	FALSE	cds-YP_009725295.1	GAT	D	GAC	D
NC_045512.2	5527	T	A	951	832	38	1	1	34	0.00105042	952	0.500263	FALSE	cds-YP_009724389.1	ACT	T	ACA	T
NC_045512.2	5527	T	A	951	832	38	1	1	34	0.00105042	952	0.500263	FALSE	cds-YP_009725295.1	ACT	T	ACA	T
NC_045512.2	5530	T	C	1066	971	38	1	1	34	0.000937207	1067	0.750352	FALSE	cds-YP_009724389.1	TGT	C	TGC	C
NC_045512.2	5530	T	C	1066	971	38	1	1	34	0.000937207	1067	0.750352	FALSE	cds-YP_009725295.1	TGT	C	TGC	C
NC_045512.2	5538	A	G	1069	1016	37	1	1	34	0.000934579	1070	0.750351	FALSE	cds-YP_009724389.1	CAG	Q	CGG	R
NC_045512.2	5538	A	G	1069	1016	37	1	1	34	0.000934579	1070	0.750351	FALSE	cds-YP_009725295.1	CAG	Q	CGG	R
NC_045512.2	5540	C	T	1069	1017	37	1	1	34	0.000934579	1070	0.750351	FALSE	cds-YP_009724389.1	CAG	Q	TAG	*
NC_045512.2	5540	C	T	1069	1017	37	1	1	34	0.000934579	1070	0.750351	FALSE	cds-YP_009725295.1	CAG	Q	TAG	*
NC_045512.2	5543	A	T	1046	997	37	1	1	26	0.000954198	1048	0.999524	FALSE	cds-YP_009724389.1	ACA	T	TCA	S
NC_045512.2	5543	A	T	1046	997	37	1	1	26	0.000954198	1048	0.999524	FALSE	cds-YP_009725295.1	ACA	T	TCA	S
NC_045512.2	5543	A	G	1046	997	37	1	1	68	0.000954198	1048	0.5	FALSE	cds-YP_009724389.1	ACA	T	GCA	A
NC_045512.2	5543	A	G	1046	997	37	1	1	68	0.000954198	1048	0.5	FALSE	cds-YP_009725295.1	ACA	T	GCA	A
NC_045512.2	5548	C	A	1018	975	36	1	1	34	0.000981354	1019	0.750368	FALSE	cds-YP_009724389.1	ACC	T	ACA	T
NC_045512.2	5548	C	A	1018	975	36	1	1	34	0.000981354	1019	0.750368	FALSE	cds-YP_009725295.1	ACC	T	ACA	T
NC_045512.2	5565	C	T	880	850	36	1	0	68	0.00113507	881	0.500284	FALSE	cds-YP_009724389.1	GCT	A	GTT	V
NC_045512.2	5565	C	T	880	850	36	1	0	68	0.00113507	881	0.500284	FALSE	cds-YP_009725295.1	GCT	A	GTT	V
NC_045512.2	5567	G	C	766	735	36	1	1	34	0.00130378	767	0.500326	FALSE	cds-YP_009724389.1	GTT	V	CTT	L
NC_045512.2	5567	G	C	766	735	36	1	1	34	0.00130378	767	0.500326	FALSE	cds-YP_009725295.1	GTT	V	CTT	L
NC_045512.2	5587	T	C	501	481	36	2	2	34	0.00397614	503	0.250249	FALSE	cds-YP_009724389.1	CTT	L	CTC	L
NC_045512.2	5587	T	C	501	481	36	2	2	34	0.00397614	503	0.250249	FALSE	cds-YP_009725295.1	CTT	L	CTC	L
NC_045512.2	5980	T	C	142	13	37	1	0	34	0.00699301	143	0.501754	FALSE	cds-YP_009724389.1	TCT	S	TCC	S
NC_045512.2	5980	T	C	142	13	37	1	0	34	0.00699301	143	0.501754	FALSE	cds-YP_009725295.1	TCT	S	TCC	S
NC_045512.2	6028	A	G	138	38	37	1	0	34	0.00719424	139	0.501805	FALSE	cds-YP_009724389.1	CCA	P	CCG	P
NC_045512.2	6028	A	G	138	38	37	1	0	34	0.00719424	139	0.501805	FALSE	cds-YP_009725295.1	CCA	P	CCG	P
NC_045512.2	6032	G	A	144	37	37	1	1	34	0.00689655	145	0.50173	FALSE	cds-YP_009724389.1	GCA	A	ACA	T
NC_045512.2	6032	G	A	144	37	37	1	1	34	0.00689655	145	0.50173	FALSE	cds-YP_009725295.1	GCA	A	ACA	T
NC_045512.2	6051	A	T	152	69	38	1	1	34	0.00653595	153	0.501639	FALSE	cds-YP_009724389.1	AAG	K	ATG	M
NC_045512.2	6051	A	T	152	69	38	1	1	34	0.00653595	153	0.501639	FALSE	cds-YP_009725295.1	AAG	K	ATG	M
NC_045512.2	6053	T	G	127	39	36	1	1	34	0.0078125	128	0.501961	FALSE	cds-YP_009724389.1	TTT	F	GTT	V
NC_045512.2	6053	T	G	127	39	36	1	1	34	0.0078125	128	0.501961	FALSE	cds-YP_009725295.1	TTT	F	GTT	V
NC_045512.2	6090	A	G	157	105	39	1	1	60	0.00632911	158	0.501587	FALSE	cds-YP_009724389.1	AAC	N	AGC	S
NC_045512.2	6090	A	G	157	105	39	1	1	60	0.00632911	158	0.501587	FALSE	cds-YP_009725295.1	AAC	N	AGC	S
NC_045512.2	6195	C	A	126	113	37	1	1	34	0.00787402	127	0.501976	FALSE	cds-YP_009724389.1	CCC	P	CAC	H
NC_045512.2	6195	C	A	126	113	37	1	1	34	0.00787402	127	0.501976	FALSE	cds-YP_009725295.1	CCC	P	CAC	H
NC_045512.2	10198	C	T	0	0	0	1	0	26	1	1	1	FALSE	cds-YP_009724389.1	GAC	D	GAT	D
NC_045512.2	10198	C	T	0	0	0	1	0	26	1	1	1	FALSE	cds-YP_009725295.1	GAC	D	GAT	D
NC_045512.2	12880	C	T	0	0	0	17	0	34	1	17	8.57043e-10	TRUE	cds-YP_009724389.1	ATC	I	ATT	I
NC_045512.2	12880	C	T	0	0	0	17	0	34	1	17	8.57043e-10	TRUE	cds-YP_009725295.1	ATC	I	ATT	I
NC_045512.2	13018	T	C	35	8	35	1	0	34	0.0277778	36	0.507042	FALSE	cds-YP_009724389.1	CGT	R	CGC	R
NC_045512.2	13018	T	C	35	8	35	1	0	34	0.0277778	36	0.507042	FALSE	cds-YP_009725295.1	CGT	R	CGC	R
NC_045512.2	13026	C	G	33	7	36	1	0	34	0.0294118	34	0.507463	FALSE	cds-YP_009724389.1	GCT	A	GGT	G
NC_045512.2	13026	C	G	33	7	36	1	0	34	0.0294118	34	0.507463	FALSE	cds-YP_009725295.1	GCT	A	GGT	G
NC_045512.2	13107	A	G	51	29	39	1	1	26	0.0192308	52	0.504854	FALSE	cds-YP_009724389.1	AAA	K	AGA	R
NC_045512.2	13107	A	G	51	29	39	1	1	26	0.0192308	52	0.504854	FALSE	cds-YP_009725295.1	AAA	K	AGA	R
NC_045512.2	13785	A	G	542	11	34	1	0	34	0.00184162	543	0.500461	FALSE	cds-YP_009724389.1	TCA	S	TCG	S
NC_045512.2	13792	C	A	570	16	34	1	0	34	0.00175131	571	0.500438	FALSE	cds-YP_009724389.1	CGT	R	AGT	S
NC_045512.2	13794	T	G	619	16	34	1	0	34	0.0016129	620	0.500404	FALSE	cds-YP_009724389.1	CGT	R	CGG	R
NC_045512.2	13813	G	A	759	37	35	2	0	30	0.00262812	761	0.250164	FALSE	cds-YP_009724389.1	GCA	A	ACA	T
NC_045512.2	13822	G	A	827	39	35	1	0	34	0.00120773	828	0.500302	FALSE	cds-YP_009724389.1	GTC	V	ATC	I
NC_045512.2	13823	T	C	833	43	36	1	0	34	0.00119904	834	0.5003	FALSE	cds-YP_009724389.1	GTC	V	GCC	A
NC_045512.2	13834	A	G	838	53	36	1	0	34	0.0011919	839	0.500298	FALSE	cds-YP_009724389.1	AGG	R	GGG	G
NC_045512.2	13836	G	A	875	55	36	1	0	34	0.00114155	876	0.500286	FALSE	cds-YP_009724389.1	AGG	R	AGA	R
NC_045512.2	13842	T	G	873	57	37	1	1	27	0.00114416	874	0.998097	FALSE	cds-YP_009724389.1	TTT	F	TTG	L
NC_045512.2	13862	C	T	1	0	24	949	101	38	0.998947	950	0	TRUE	cds-YP_009724389.1	ACA	T	ATA	I
NC_045512.2	13869	A	G	859	124	39	1	1	52	0.00116279	860	0.500291	FALSE	cds-YP_009724389.1	AAA	K	AAG	K
NC_045512.2	13901	A	C	586	214	37	1	1	34	0.00170358	587	0.500426	FALSE	cds-YP_009724389.1	GAT	D	GCT	A
NC_045512.2	13907	A	G	610	263	37	1	0	34	0.00163666	611	0.50041	FALSE	cds-YP_009724389.1	TAT	Y	TGT	C
NC_045512.2	13961	T	A	533	285	36	1	1	26	0.00187266	534	0.984681	FALSE	cds-YP_009724389.1	GTA	V	GAA	E
NC_045512.2	13968	C	T	650	404	37	1	1	34	0.0015361	651	0.500384	FALSE	cds-YP_009724389.1	GCC	A	GCT	A
NC_045512.2	13969	A	G	646	397	37	1	1	26	0.0015456	647	0.992356	FALSE	cds-YP_009724389.1	AAC	N	GAC	D
NC_045512.2	13995	T	C	627	456	36	1	1	34	0.00159236	628	0.500398	FALSE	cds-YP_009724389.1	GCT	A	GCC	A
NC_045512.2	13997	T	C	646	473	37	1	1	34	0.0015456	647	0.500387	FALSE	cds-YP_009724389.1	TTG	L	TCG	S
NC_045512.2	14007	A	C	640	468	37	1	1	34	0.00156006	641	0.50039	FALSE	cds-YP_009724389.1	ACA	T	ACC	T
NC_045512.2	14009	T	C	654	476	37	2	2	34	0.00304878	656	0.250191	FALSE	cds-YP_009724389.1	GTA	V	GCA	A
NC_045512.2	14017	T	G	652	473	38	1	0	34	0.00153139	653	0.500383	FALSE	cds-YP_009724389.1	TGT	C	GGT	G
NC_045512.2	14025	C	T	668	506	39	1	0	34	0.00149477	669	0.500374	FALSE	cds-YP_009724389.1	GCC	A	GCT	A
NC_045512.2	14029	C	T	760	635	40	1	1	26	0.00131406	761	0.996186	FALSE	cds-YP_009724389.1	CGA	R	TGA	*
NC_045512.2	14040	T	G	846	753	40	1	1	34	0.00118064	847	0.500295	FALSE	cds-YP_009724389.1	GGT	G	GGG	G
NC_045512.2	14055	G	A	769	705	40	4	4	40	0.00517464	773	0.0624189	FALSE	cds-YP_009724389.1	CTG	L	CTA	L
NC_045512.2	14057	C	G	763	702	39	1	0	68	0.0013089	764	0.500327	FALSE	cds-YP_009724389.1	ACA	T	AGA	R
NC_045512.2	14069	A	G	715	666	38	1	1	34	0.00139665	716	0.500349	FALSE	cds-YP_009724389.1	CAA	Q	CGA	R
NC_045512.2	14075	T	C	670	625	37	1	0	68	0.00149031	671	0.500373	FALSE	cds-YP_009724389.1	CTC	L	CCC	P
NC_045512.2	14086	T	C	621	588	37	1	1	34	0.00160772	622	0.500402	FALSE	cds-YP_009724389.1	TGG	W	CGG	R
NC_045512.2	15714	C	T	0	0	0	1	0	34	1	1	1	FALSE	cds-YP_009724389.1	CTC	L	CTT	L
NC_045512.2	21618	C	T	0	0	0	1	0	34	1	1	1	FALSE	cds-YP_009724390.1	ACA	T	ATA	I
NC_045512.2	21632	T	-TACCCCCTG	1	0	34	1	0	20	1	1	1	FALSE	NA	NA	NA	NA	NA
NC_045512.2	23403	A	G	0	0	0	5	1	47	1	5	0.00793651	TRUE	cds-YP_009724390.1	GAT	D	GGT	G
NC_045512.2	23525	C	T	0	0	0	3	3	34	1	3	0.1	FALSE	cds-YP_009724390.1	CAT	H	TAT	Y
NC_045512.2	23599	T	G	0	0	0	2	2	34	1	2	0.333333	FALSE	cds-YP_009724390.1	AAT	N	AAG	K
NC_045512.2	23604	C	A	0	0	0	2	2	34	1	2	0.333333	FALSE	cds-YP_009724390.1	CCT	P	CAT	H
NC_045512.2	26577	C	G	0	0	0	1	1	34	1	1	1	FALSE	cds-YP_009724393.1	CAA	Q	GAA	E
NC_045512.2	28238	T	A	43	0	36	1	0	26	0.0227273	44	0.505747	FALSE	cds-YP_009724396.1	CGT	R	CGA	R
NC_045512.2	28271	A	T	0	0	0	64	4	40	1	64	8.35033e-38	TRUE	NA	NA	NA	NA	NA
NC_045512.2	28311	C	T	0	0	0	69	20	47	1	69	8.46597e-41	TRUE	cds-YP_009724397.2	CCC	P	CTC	L
NC_045512.2	28360	T	-GGAGAACGCA	64	39	38	1	0	20	0.015625	64	0.507813	FALSE	NA	NA	NA	NA	NA
NC_045512.2	28361	G	-GAGAACGCA	62	37	38	46	0	20	0.730159	63	8.73546e-12	TRUE	NA	NA	NA	NA	NA
NC_045512.2	28371	G	C	1	1	34	49	36	36	0.98	50	9.91165e-28	TRUE	cds-YP_009724397.2	AGT	S	ACT	T
NC_045512.2	28372	T	C	58	38	35	1	1	34	0.0169492	59	0.504274	FALSE	cds-YP_009724397.2	AGT	S	AGC	S
NC_045512.2	28373	G	T	59	39	35	1	1	34	0.0166667	60	0.504202	FALSE	cds-YP_009724397.2	GGG	G	TGG	W
NC_045512.2	29510	A	C	0	0	0	1	0	34	1	1	1	FALSE	cds-YP_009724397.2	AGT	S	CGT	R
